year,Tm,Total,Home,Away,Week 1,Week 2,Week 3,Week 4,Week 5,Week 6,Week 7,Week 8,Week 9,Week 10,Week 11,Week 12,Week 13,Week 14,Week 15,Week 16,Week 17
2018,Arizona Cardinals,1018127,496111,522016,61613,66515,62163,61845,68337,66801,62359,61923,0,76712,62435,25343,77234,62014,72084,61759,68990
2018,Atlanta Falcons,1119143,583184,535959,69696,72528,74457,71985,64781,72665,72756,0,62386,62144,74447,73017,72262,77329,72084,73722,52884
2018,Baltimore Ravens,1053383,563451,489932,70591,50018,70156,62030,67431,64441,70639,73843,70997,0,70077,70035,72262,74336,70031,25571,70925
2018,Buffalo Bills,1072899,519695,553204,70591,69187,66800,78312,68202,71638,56848,70109,68749,77982,0,57799,65155,59119,59110,65878,67420
2018,Carolina Panthers,1102756,590182,512574,74532,72528,72161,0,74221,60482,69696,73843,73513,62881,61999,74002,52568,59392,74188,73722,73028
2018,Chicago Bears,1045568,490750,554818,78282,57960,62163,61893,0,65791,62389,61397,68749,61393,61651,65684,76465,61695,62372,70806,66878
2018,Cincinnati Bengals,911289,406028,505261,58699,50018,72161,71985,52708,60594,75676,45134,0,52492,70077,56122,44392,25358,44568,67431,63874
2018,Cleveland Browns,1045441,526122,519319,67431,73086,67431,53387,67431,67431,53682,63780,67431,62144,0,56122,71741,59392,76596,67431,70925
2018,Dallas Cowboys,1303393,732958,570435,74532,90512,69047,90155,72008,90767,66301,0,90466,69696,74447,92076,93004,93127,66654,92851,77750
2018,Denver Broncos,1092324,611571,480753,76761,76696,70156,76656,77982,76109,62359,77103,76270,0,25462,76536,44392,69449,76596,53850,75947
2018,Detroit Lions,1054328,502061,552267,61352,70164,61769,90155,63405,0,65265,65237,66825,61393,61999,65684,60974,62014,59110,61641,77341
2018,Green Bay Packers,1163842,622677,541165,78282,78461,59827,78312,63405,77642,0,75822,65878,78076,69007,66872,77234,77329,62372,77982,77341
2018,Houston Texans,1112480,574439,538041,65878,62372,71838,57716,72008,71638,66534,71726,76270,0,61593,71826,71741,71814,77982,69696,71848
2018,Indianapolis Colts,1006361,473598,532763,58699,57013,69696,57716,65878,77982,56848,54372,0,57473,57401,57069,67030,71814,66654,61738,68978
2018,Jacksonville Jaguars,1109899,552589,557310,77992,68527,64015,65353,75289,90767,66534,85870,0,57473,67683,57799,67030,60344,67577,65798,71848
2018,Kansas City Chiefs,1107376,607780,499596,25351,63956,76023,76656,75289,65878,75676,77103,67431,76712,77002,0,54255,74336,75091,69067,77550
2018,Los Angeles Chargers,803556,262145,541411,25351,69187,68947,25397,25362,67431,84301,0,68989,54750,25462,25343,61069,25358,75091,25571,75947
2018,Los Angeles Rams,1102409,579439,522970,53857,66515,68947,72027,68893,76109,66597,75822,73086,72755,77002,0,60974,61695,74210,61759,72161
2018,Miami Dolphins,1062180,524480,537700,65184,77982,65667,65878,52708,65791,65265,71726,65533,78076,0,57069,65155,66087,66841,65798,67420
2018,Minnesota Vikings,1090834,534491,556343,66673,78461,66800,72027,69696,66801,77982,66801,66825,0,61651,66872,65878,69007,66841,61641,66878
2018,New England Patriots,1068530,527024,541506,65878,68527,61769,65878,65878,65878,62389,70109,65878,69363,0,77982,65878,66087,65280,65878,65878
2018,New Orleans Saints,1147700,584411,563289,73038,73086,74457,78213,73028,0,70639,66801,73086,52492,73042,73017,93004,53495,74188,73086,73028
2018,New York Giants,1183132,615525,567607,77992,90512,71838,78213,74221,77167,72756,77537,0,69409,75863,69696,76465,57437,74538,61738,77750
2018,New York Jets,1130823,623856,506967,61352,77982,67431,65353,77982,77982,77982,61397,65533,77982,0,77982,60904,59119,77982,77982,65878
2018,Oakland Raiders,955258,463353,491905,53857,76696,65667,53387,25362,84922,0,54372,69592,54750,62435,70035,54255,53960,44568,53850,77550
2018,Philadelphia Eagles,1149737,557568,592169,69696,56552,69696,69013,69696,77167,69696,85870,0,69696,73042,69696,69696,93127,74210,69696,63188
2018,Pittsburgh Steelers,1040509,507651,532858,67431,63956,62571,62030,64781,60594,0,63780,70997,62881,67683,76536,61069,53960,65280,73086,63874
2018,San Francisco 49ers,1052454,553190,499264,66673,70164,76023,25397,68337,77642,66597,61923,69592,69409,0,50436,69009,69449,68836,70806,72161
2018,Seattle Seahawks,1114327,552009,562318,76761,57960,69047,61845,68893,84922,0,65237,68989,72755,69007,74002,69009,69007,68836,69067,68990
2018,Tampa Bay Buccaneers,999843,434855,564988,73038,56552,62571,61893,0,72665,53682,45134,73513,52667,75863,50436,52568,53495,70031,92851,52884
2018,Tennessee Titans,1092094,516161,575933,65184,62372,64015,69013,68202,64441,84301,0,90466,69363,57401,71826,60904,60344,74538,60746,68978
2018,Washington Redskins,1043167,488227,554940,61613,57013,59827,0,73028,60482,66301,77537,62386,52667,61593,92076,69696,57437,67577,60746,63188
2017,Arizona Cardinals,1063084,513741,549343,60957,63137,65102,64121,69596,63999,73736,0,70133,64639,71680,63891,63986,64153,71026,63850,69078
2017,Atlanta Falcons,1123058,575681,547377,61857,70826,63240,71273,0,70593,65878,77562,74244,73761,69026,71036,71185,72866,62382,73188,74141
2017,Baltimore Ravens,1088056,564709,523347,55254,70605,84592,71126,54980,70616,66751,70408,67322,0,77945,70357,70500,60069,56434,70590,70507
2017,Buffalo Bills,1040917,534200,506717,68751,74122,68865,71273,52367,0,68561,69599,77562,67501,25015,74929,68499,60222,62202,65878,65571
2017,Carolina Panthers,1133961,588942,545019,70178,74122,73775,65878,64288,74373,61256,58545,74244,72790,0,77562,73171,73728,74447,71463,74141
2017,Chicago Bears,1021219,488137,533082,61857,56640,61172,78362,61834,70616,61256,73192,0,61285,60635,69596,61302,52002,65872,58796,66802
2017,Cincinnati Bengals,978253,425937,552316,55254,52942,78323,67431,52367,0,65363,57901,60720,67432,75707,51710,56029,52002,66833,47732,70507
2017,Cleveland Browns,968007,511060,456947,67431,70605,63351,67431,62032,71815,59061,74237,0,64646,57003,51710,25320,67431,56434,58796,50704
2017,Dallas Cowboys,1309211,741775,567436,93183,76919,65102,91869,93329,0,70133,78428,93273,73761,93247,93012,91712,78125,55372,92150,69596
2017,Denver Broncos,1106590,610846,495744,76324,76919,68865,76909,0,76721,25388,76573,69596,76820,75707,53930,65092,75518,63411,72889,75928
2017,Detroit Lions,1046765,513100,533665,60957,77004,63240,66730,64288,73117,0,64983,77575,64646,60635,66613,70500,60372,65872,47732,62501
2017,Green Bay Packers,1183556,624742,558814,78381,70826,78323,78362,93329,66848,78380,0,77575,61285,77945,62147,77684,67431,74447,78092,62501
2017,Houston Texans,1080447,574197,506250,71710,52942,65878,71804,71835,71815,0,69025,71709,60032,71680,70357,62758,71802,64701,71842,60557
2017,Indianapolis Colts,1022042,507525,514517,60128,63137,63351,68872,65612,63888,63104,57901,71709,66146,0,62207,61207,60222,63411,70590,60557
2017,Jacksonville Jaguars,1049568,514427,535141,71710,61709,84592,77562,66237,56232,63104,0,60720,60835,57003,63891,61207,64431,64701,70133,65501
2017,Kansas City Chiefs,1134166,592851,541315,65878,74971,25386,74587,71835,76994,55090,76573,93273,0,76363,74929,77562,74461,75011,65325,75928
2017,Los Angeles Chargers,783367,202687,580680,76324,25381,25386,25374,77373,54685,25388,65878,0,60835,25015,93012,25320,25393,75011,77562,25430
2017,Los Angeles Rams,1062261,507136,555125,60128,56612,70178,91869,60745,56232,73736,0,76877,60032,66809,62006,63986,67752,69077,60097,66125
2017,Miami Dolphins,1051161,541022,510139,0,25381,77562,84423,65135,70593,65025,70408,65139,72790,65089,65878,65092,65548,62202,65325,65571
2017,Minnesota Vikings,1099905,533769,566136,66606,65971,66390,66730,61834,66848,66751,74237,0,74476,66809,66613,71185,73728,66833,78092,66802
2017,New England Patriots,1099028,527024,572004,65878,73168,65878,65878,64476,77562,65878,65878,0,76820,77357,65878,68499,65548,68574,65878,65878
2017,New Orleans Saints,1146046,585113,560933,66606,73168,73775,84423,0,73117,78380,73192,73121,67501,73138,62006,73171,72866,73018,73188,55376
2017,New York Giants,1183037,617434,565603,93183,77004,69596,63916,77373,76721,78527,0,76877,70133,76363,73210,54994,78125,76896,63850,76269
2017,New York Jets,1143358,620496,522862,68751,54729,77562,77562,62032,77562,65025,77562,77562,57911,0,77562,77562,75518,73018,77562,65878
2017,Oakland Raiders,988483,461137,527346,69089,54729,77123,76909,54980,54685,55090,69599,65139,0,77357,53930,54994,74461,55372,69596,25430
2017,Philadelphia Eagles,1117141,556768,560373,78685,74971,69596,25374,69596,74373,69596,69596,69596,0,93247,69596,69075,67752,76896,69596,69596
2017,Pittsburgh Steelers,1035491,499768,535723,67431,65971,61172,71126,66237,76994,65363,64983,0,66146,60703,62147,56029,60069,68574,71842,50704
2017,San Francisco 49ers,1104010,561155,542855,70178,68729,70178,64121,65612,75568,70133,69596,70133,70133,0,70134,61302,71802,70133,70133,66125
2017,Seattle Seahawks,1129943,551809,578134,78381,68729,69127,68872,60745,0,78527,69025,68927,64639,69026,70134,69075,64431,69077,92150,69078
2017,Tampa Bay Buccaneers,1036961,479618,557343,0,56640,66390,63916,64476,63999,68561,58545,73121,57911,65089,71036,77684,60372,62382,71463,55376
2017,Tennessee Titans,1040119,525214,514905,69089,61709,69127,71804,65135,63888,59061,0,67322,67432,60703,62207,62758,64153,70133,60097,65501
2017,Washington Redskins,1137639,601405,536234,78685,56612,77123,74587,0,75568,69596,78428,68927,74476,73138,73210,91712,25393,71026,72889,76269
2016,Arizona Cardinals,1083135,518652,564483,64864,64230,68647,64622,70178,64709,65089,74088,0,65127,66808,69233,64939,65750,65072,69050,80729
2016,Atlanta Falcons,1116392,559998,556394,69382,54081,73003,70508,76802,69071,69832,70165,57797,69596,0,69233,69879,82495,70164,73549,70835
2016,Baltimore Ravens,1134133,568823,565310,71104,67431,60127,71152,71318,78487,78160,0,71286,70921,93056,70903,70916,66829,71223,66276,54944
2016,Buffalo Bills,1098702,548073,550629,71104,70256,68647,66829,83679,70003,65658,70442,69084,0,61356,67849,54759,69657,66529,64690,78160
2016,Carolina Panthers,1159680,590343,569337,76843,74143,73813,70508,73425,73138,0,74088,86109,74181,73288,54909,69104,73856,76689,73549,62037
2016,Chicago Bears,1060607,482951,577656,71933,62268,90554,60841,66622,61054,78217,60422,0,62898,78898,59494,59782,61726,61137,57953,66808
2016,Cincinnati Bengals,1088770,508071,580699,78160,65072,63850,60834,91653,66829,65047,84488,0,76218,61356,70903,55456,60028,62096,71836,54944
2016,Cleveland Browns,1044825,514489,530336,69596,67431,65176,76249,67431,60897,65047,67431,67431,70921,67431,60034,0,60028,66529,57272,55921
2016,Dallas Cowboys,1322087,740318,581769,92867,80612,90554,70178,91653,78481,0,93103,67431,67737,93056,93099,66860,80874,93101,92885,69596
2016,Denver Broncos,1133943,614193,519750,76843,76379,63850,60375,76802,58904,76865,76756,54957,73138,0,76819,63075,68780,76893,76671,76836
2016,Detroit Lions,1075305,486342,588963,65566,58466,78411,60841,58047,56018,60461,71882,66807,0,61486,63793,73137,61726,79434,92885,66345
2016,Green Bay Packers,1169215,625727,543488,63179,66813,78411,0,78401,78481,78217,70165,78437,69116,77137,69596,77867,78057,61137,77856,66345
2016,Houston Texans,1132210,574947,557263,71933,71890,66829,71815,66683,71891,76865,71882,0,62091,76473,71897,77867,65250,71803,71836,65205
2016,Indianapolis Colts,1100210,524393,575817,65566,76379,64747,83764,66622,71891,65470,65417,78437,0,65048,66583,78160,65250,66820,54896,65160
2016,Jacksonville Jaguars,1031602,517172,514430,63179,52165,60127,83764,0,61054,62614,61619,73294,62091,61486,67849,63075,62701,71803,59621,65160
2016,Kansas City Chiefs,1115214,586624,528590,73238,71890,71587,61278,0,54211,76282,65417,73294,74181,72277,76819,69879,75191,68084,76671,54915
2016,Los Angeles Rams,1198268,665318,532950,70178,91046,55009,64622,83679,56018,74121,0,86109,78160,83483,73067,66829,82495,69067,83656,80729
2016,Miami Dolphins,1073132,524101,549031,69012,66829,65176,60834,64425,65351,65658,0,65722,55107,83483,65856,70916,65750,78160,64690,66163
2016,Minnesota Vikings,1084502,534289,550213,63816,66813,73813,66690,66683,0,69596,60422,66807,78216,66808,63793,66860,62701,66820,77856,66808
2016,New England Patriots,1094772,534632,560140,64864,66829,66829,66829,67431,66829,66009,70442,0,66829,70178,78160,66829,66829,76893,66829,66163
2016,New Orleans Saints,1141039,584876,556163,73028,77727,73003,60641,0,73138,76282,73188,70178,73138,73288,73067,73137,62140,65072,73177,70835
2016,New York Giants,1217320,630315,587005,92867,77727,78368,66690,78401,78487,74121,0,80309,76218,78898,60034,65825,80874,79434,69596,79471
2016,New York Jets,1168377,625280,543097,78160,70256,71587,78160,66385,64709,78160,67431,65722,78160,0,78160,78160,70178,78160,66829,78160
2016,Oakland Raiders,1009172,458561,550611,73028,54081,62370,71152,54275,54211,62614,61068,54957,0,76473,54909,54759,75191,68352,54896,76836
2016,Philadelphia Eagles,1125298,556768,568530,69596,62268,69596,0,58047,78934,69596,93103,80309,69596,69190,69596,55456,69596,71223,69596,69596
2016,Pittsburgh Steelers,1065627,514503,551124,79124,65072,69596,61278,66385,65351,66009,0,71286,67737,67431,66583,65825,69657,62096,66276,55921
2016,San Diego Chargers,998070,456197,541873,73238,52165,64747,60641,54275,58904,69832,76756,52281,55107,0,71897,53832,73856,68352,57272,54915
2016,San Francisco 49ers,1119165,561424,557741,70178,74143,69010,70178,70178,70003,70178,0,70178,65127,70178,65856,59782,70178,70164,83656,70178
2016,Seattle Seahawks,1138809,552588,586221,69012,91046,69010,78160,0,69071,65089,73188,69084,66829,69190,63674,69104,78057,69067,69050,70178
2016,Tampa Bay Buccaneers,1054600,484998,569602,69382,64230,55009,60375,73425,0,70178,61068,57797,62898,72277,63674,53832,62140,93101,73177,62037
2016,Tennessee Titans,1016507,517273,499234,63816,58466,62370,71815,64425,60897,65470,61619,52281,69116,65048,59494,0,68780,68084,59621,65205
2016,Washington Redskins,1206654,626432,580222,79124,80612,78368,76249,71318,78934,60461,84488,0,78216,77137,93099,64939,69596,76689,57953,79471
2015,Arizona Cardinals,1028446,513487,514959,62903,62351,63663,63146,60816,63846,64722,67431,0,69005,64745,70799,51115,64784,69596,64878,64646
2015,Atlanta Falcons,1134671,562845,571826,70516,77678,90345,69904,70178,73018,63329,70524,70799,0,70433,70610,58221,74420,64016,70981,69699
2015,Baltimore Ravens,1083919,568018,515901,76798,53500,70970,63929,71046,70799,64722,70829,0,70837,71105,64380,64519,71179,70791,71261,57254
2015,Buffalo Bills,1140809,559047,581762,70319,70858,64869,70677,65670,69593,84021,0,70214,78160,66829,72493,68544,69596,80124,70172,68670
2015,Carolina Panthers,1157689,592454,565235,60733,73254,73402,57468,0,69020,74194,74136,74461,63591,74418,90909,73097,74420,79436,70981,74169
2015,Chicago Bears,1020065,496287,523778,62442,62351,69002,62409,75799,57648,0,62311,68033,58653,62483,78488,62088,61026,52421,63734,61177
2015,Cincinnati Bengals,1028118,491118,537000,54500,57579,70970,57498,65004,69593,0,64750,65816,61381,64745,61022,64775,65564,70799,76868,57254
2015,Cleveland Browns,1062262,529488,532774,78160,67431,67431,63710,71046,67431,51523,67431,65816,64402,0,64380,64775,63916,69002,69115,66693
2015,Dallas Cowboys,1312509,731672,580837,93579,69296,90345,73009,93054,0,80319,91486,91827,64113,65115,90909,80444,78369,90345,70172,90127
2015,Denver Broncos,1141878,615381,526497,76798,76404,62920,77029,54500,67431,0,77075,66894,76973,62483,76970,68631,76824,67234,76868,76844
2015,Detroit Lions,1025745,490782,534963,66093,52319,62920,69005,60816,57648,60231,83624,0,78526,60202,64445,63207,51202,73017,61313,61177
2015,Green Bay Packers,1147786,627308,520478,62442,78433,78214,70799,78432,78434,0,77075,74461,78526,52529,78488,63207,78369,55087,64878,78412
2015,Houston Texans,1098814,574159,524655,71776,73254,71718,69904,71732,58085,65251,71630,0,61381,71718,71778,68544,71908,66083,62153,71899
2015,Indianapolis Colts,1067476,528381,539095,70319,65220,65920,65609,71732,66726,66420,74136,66894,0,70433,65696,58701,62372,66083,65482,65733
2015,Jacksonville Jaguars,1056511,514268,542243,60733,65443,66829,65609,58490,58085,84021,0,78160,70837,60121,59477,57355,62372,64016,73064,71899
2015,Kansas City Chiefs,1130807,602228,528579,71776,76404,78214,57498,75799,52480,76365,83624,0,76973,65837,72493,55010,72314,70791,69115,76114
2015,Miami Dolphins,1093320,537548,555772,76512,65443,64869,83986,0,62342,65251,66829,70214,69596,65115,78160,64519,65408,66676,65482,62918
2015,Minnesota Vikings,958016,419440,538576,70499,52319,52400,77029,0,52480,60231,62311,52406,54700,52529,70610,52430,64784,52421,52455,78412
2015,New England Patriots,1136287,534632,601655,66829,70858,66829,0,93054,66726,66829,66829,66829,81061,66829,76970,66829,71908,66829,78160,62918
2015,New Orleans Saints,1135027,584305,550722,62903,73006,73402,73009,69296,73018,66420,73019,73075,75086,0,71778,73097,62138,73017,73064,69699
2015,New York Giants,1198163,632011,566152,93579,77678,76081,70677,78515,69296,80319,73019,64351,81061,0,77367,80898,65408,79436,52455,78023
2015,New York Jets,1207646,625280,582366,78160,65220,78160,83986,0,78160,66829,54700,78160,78160,71718,78160,80898,78160,90345,78160,68670
2015,Oakland Raiders,970514,436397,534117,54500,53500,67431,62409,54500,0,67542,54700,65520,54700,60202,58075,55010,76824,55087,54400,76114
2015,Philadelphia Eagles,1154629,555868,598761,70516,69296,78160,74767,69296,69296,74194,0,91827,69596,69596,64445,66829,69596,69596,69596,78023
2015,Pittsburgh Steelers,1050712,514854,535858,66829,66472,52433,63929,67658,63846,76365,64750,65520,64402,0,69055,58701,65564,67234,71261,66693
2015,San Diego Chargers,1056457,534180,522277,66093,57579,52400,63710,67658,78434,67542,70829,68033,0,65837,59477,68631,72314,66676,54400,76844
2015,San Francisco 49ers,1082259,566092,516167,70499,66472,63663,70799,78515,70799,70799,51207,70799,0,68993,70799,62088,63916,70799,61313,70799
2015,Seattle Seahawks,1097931,552162,545769,51792,78433,69002,69005,65004,69020,70799,91486,0,69005,68993,69055,52430,71179,69002,69080,64646
2015,St. Louis Rams,957670,419220,538450,51792,72460,52433,63146,78432,0,51523,51207,52406,58653,71105,61022,51115,51202,51295,69080,70799
2015,Tampa Bay Buccaneers,1041376,492460,548916,63945,73006,71718,57468,58490,0,72912,70524,64351,64113,69596,65696,58221,62138,51295,63734,74169
2015,Tennessee Titans,1045359,498435,546924,63945,67431,65920,0,65670,62342,63329,71630,73075,63591,60121,58075,57355,78160,66829,62153,65733
2015,Washington Redskins,1196087,609672,586415,76512,72460,76081,74767,70178,78160,72912,0,66829,75086,74418,77367,80444,61026,80124,69596,90127
2014,Arizona Cardinals,1053326,495835,557491,61292,78344,61572,0,76895,61139,52101,61789,85688,61363,62487,68327,69557,62387,55880,63806,70699
2014,Atlanta Falcons,1121026,577047,543979,70706,58574,70318,52173,80307,70712,71184,83532,0,57751,73314,70046,69557,77512,71161,73164,71015
2014,Baltimore Ravens,1096129,568353,527776,70925,71181,67407,71218,65258,60041,71184,55711,63971,70914,0,73373,71060,70244,70801,71771,71070
2014,Buffalo Bills,1085974,540180,545794,62425,69954,68611,71756,62775,70185,68477,78160,0,68119,71573,56044,68576,76913,70214,53436,68756
2014,Carolina Panthers,1123313,588861,534452,62442,73586,73945,71218,73659,57053,78106,74042,73663,69596,73314,0,52016,73006,72842,73810,71015
2014,Chicago Bears,1050366,493449,556917,62425,70799,78160,61736,73659,70712,62413,68756,0,78292,61792,61109,64175,61558,60996,61420,52364
2014,Cincinnati Bengals,1025166,485628,539538,70925,58574,56743,0,68756,57053,66539,55711,60057,65871,73073,71777,56340,65512,67431,66107,64697
2014,Cleveland Browns,1083855,539400,544455,64598,67407,67407,0,69143,67431,61341,67431,67431,65871,67431,70046,68576,67431,67431,73810,71070
2014,Dallas Cowboys,1293046,720558,572488,91174,69143,58739,91176,91159,68432,91028,87055,85688,83603,0,80520,91379,61558,69596,91899,80897
2014,Denver Broncos,1156767,615517,541250,76939,76900,68447,0,76895,78160,77047,76907,68756,54803,59401,76987,76894,76913,68682,66107,76929
2014,Detroit Lions,1062760,504198,558562,64401,73586,62418,78160,62775,52213,63271,83532,0,63179,62487,68756,64175,61489,62490,61420,78408
2014,Green Bay Packers,1148560,625114,523446,68424,78041,62418,61736,78054,70875,78106,73146,0,78292,78270,52386,78431,77512,70214,64247,78408
2014,Houston Texans,1115983,574132,541851,71770,54063,77462,71756,91159,71787,56375,69143,71780,0,67431,71777,71714,61070,65148,71771,71777
2014,Indianapolis Colts,1101258,523004,578254,76939,64871,60601,64757,65258,71787,66539,62479,77975,0,66751,64328,65352,67431,65148,91899,69143
2014,Jacksonville Jaguars,1066627,524335,542292,69596,80037,60601,56553,66198,69143,61341,65633,60057,83603,0,64328,64687,61070,70801,61202,71777
2014,Kansas City Chiefs,1127251,599743,527508,73569,76900,70313,76613,70799,0,65260,75972,74127,68119,76463,52865,76894,62387,72153,60865,73952
2014,Miami Dolphins,1128798,560280,568518,70630,69954,70313,83436,0,70875,62413,65633,70222,63179,71573,76987,78160,70244,68756,66203,70220
2014,Minnesota Vikings,940423,417906,522517,55919,52350,73005,52173,78054,52213,68477,56577,52252,0,61792,52386,52016,52152,62490,66203,52364
2014,New England Patriots,1111983,550048,561935,70630,52350,68756,76613,68756,70185,68756,68756,68756,0,66751,68756,78431,68815,68756,78160,68756
2014,New Orleans Saints,1133987,584900,549087,70706,67407,73005,91176,73004,0,63271,73146,73663,73129,73073,73373,61916,73006,60996,73164,59952
2014,New York Giants,1195369,631738,563631,64401,78344,77462,80573,80307,69596,91028,0,77975,68352,80352,80520,64687,69143,77628,55851,79150
2014,New York Jets,1157234,625280,531954,78160,78041,78160,78160,63471,78160,68756,78160,74127,78160,0,56044,78160,52152,69143,78160,70220
2014,Oakland Raiders,1013469,459333,554136,78160,54063,68756,83436,0,53329,52101,67431,68337,54803,66720,52865,55650,55300,72153,53436,76929
2014,Philadelphia Eagles,1153703,556768,596935,69596,64871,69596,70799,69596,69596,0,61789,71780,69596,78270,69596,91379,69596,69596,78897,79150
2014,Pittsburgh Steelers,1060542,497811,562731,64598,71181,73945,62910,66198,67431,56375,62479,63971,78160,69143,0,61916,65512,71161,60865,64697
2014,San Diego Chargers,1069529,523457,546072,61292,67916,68611,56553,63471,53329,65260,76907,70222,0,66720,66040,71060,68815,68682,70699,73952
2014,San Francisco 49ers,1130143,566192,563951,91174,70799,61572,70799,70799,56851,77047,0,70799,73129,80352,70799,70799,55300,68526,70699,70699
2014,Seattle Seahawks,1107297,547298,559999,68424,67916,68447,0,79522,68432,57855,74042,68337,68352,76463,68327,70799,69596,68526,63806,68453
2014,St. Louis Rams,999412,456146,543266,55919,59923,58739,0,69596,56851,57855,75972,70799,61363,59401,66040,55650,71120,55880,55851,68453
2014,Tampa Bay Buccaneers,1023818,477273,546545,62442,59923,70318,62910,73004,60041,0,56577,67431,57751,77442,61109,56340,61489,72842,64247,59952
2014,Tennessee Titans,1096866,553144,543722,73569,69143,56743,64757,69143,69143,75227,69143,0,70914,69143,69596,71714,69143,69143,61202,69143
2014,Washington Redskins,1179306,623715,555591,71770,80037,69596,80573,79522,61139,75227,87055,52252,0,77442,70799,65352,71120,77628,78897,80897
2013,Arizona Cardinals,997710,488271,509439,55279,60034,73057,44956,60426,69732,61200,60671,0,60845,59862,60882,69144,60643,69143,68266,63570
2013,Atlanta Falcons,1080805,561795,519010,72348,70056,70660,70744,70246,0,69522,60671,73720,70309,55360,70422,38969,77550,70069,69732,70427
2013,Baltimore Ravens,1106022,569084,536938,76977,71098,71168,68296,68342,71319,62295,0,71513,70992,62367,71148,71005,70921,64742,71433,62406
2013,Buffalo Bills,1032476,502842,529634,69519,67819,76957,68296,71239,67739,60592,72405,68159,60406,68036,0,38969,59194,60085,54305,68756
2013,Carolina Panthers,1112229,587544,524685,73294,67819,73748,0,60426,63963,72686,59073,73720,69732,74225,60156,72795,73089,73251,73825,70427
2013,Chicago Bears,1057075,498864,558211,62213,62181,61575,64552,62361,62374,83147,0,78122,62431,62367,66024,64134,62229,71513,69144,62708
2013,Cincinnati Bengals,1001806,506377,495429,62213,64585,64633,71481,64259,67739,63207,62576,52388,70992,63856,0,61536,62507,45873,61555,62406
2013,Cleveland Browns,1122750,569939,552811,71513,71098,63672,71481,71239,71513,77804,74307,71513,0,63856,71513,69654,68756,71513,76957,56361
2013,Dallas Cowboys,1279578,704345,575233,85348,76952,80848,68601,92758,90239,69144,64379,85360,73018,0,80499,87572,62229,91054,80411,91166
2013,Denver Broncos,1194145,614977,579168,76977,81285,76978,77002,92758,76862,67196,77031,0,68847,77076,68756,77065,76554,76497,71761,51500
2013,Detroit Lions,1053841,510369,543472,62461,60034,80111,64552,78200,71513,63207,64379,0,62431,57905,62098,64934,69144,64742,63996,64134
2013,Green Bay Packers,1191205,623577,567628,69732,78020,64633,0,78200,71319,77804,64134,78122,78011,79114,77871,64934,77550,91054,77999,62708
2013,Houston Texans,1103683,573271,530412,59522,71718,71168,71756,69732,71104,74118,0,71778,60845,71726,71659,71769,60414,65470,71761,69143
2013,Indianapolis Colts,1054693,527606,527087,65412,65406,69732,59695,66608,57954,67196,0,71778,66004,69143,60882,65502,62507,65470,75396,66008
2013,Jacksonville Jaguars,1028219,503140,525079,59416,49400,68087,59695,54266,76862,59550,83559,0,69143,59862,71659,69654,60414,60085,60559,66008
2013,Kansas City Chiefs,1118007,602877,515130,59416,76952,69144,73386,69143,76394,74118,74307,68159,0,77076,75259,77065,56247,49571,75396,66374
2013,Miami Dolphins,1041545,514553,526992,71513,65406,70660,73118,68342,0,60592,68756,52388,64448,60256,60156,76957,52489,71863,54305,70296
2013,Minnesota Vikings,1099551,531653,567898,62461,62181,63672,83518,0,63963,79314,64134,85360,64011,68235,77871,64134,70921,64087,61555,64134
2013,New England Patriots,1120817,550048,570769,69519,68756,68756,70744,64259,68756,76957,68756,68756,0,74225,68756,71769,68756,71863,71433,68756
2013,New Orleans Saints,1123230,583210,540020,72348,60870,73057,73118,62361,68756,0,72405,76957,73018,73025,70422,68387,73089,58442,73825,73150
2013,New York Giants,1209532,641184,568348,85348,81285,73748,73386,80738,62374,79314,69144,0,80366,79114,80499,75220,65132,79691,63996,80177
2013,New York Jets,1169108,615656,553452,76957,68756,76957,69143,70246,76957,76957,62576,76957,0,68036,71148,76957,76957,73251,76957,70296
2013,Oakland Raiders,1004636,403556,601080,65412,49400,76978,53549,48834,76394,0,52950,51751,80366,71726,46001,87572,76957,49571,65675,51500
2013,Philadelphia Eagles,1141155,553152,588003,82743,69144,69144,77002,80738,62505,69144,69144,51751,78011,69144,0,69144,69144,64087,69144,91166
2013,Pittsburgh Steelers,1025772,458489,567283,61585,64585,61575,83518,0,76957,62295,52950,68756,60406,57905,71513,71005,52489,45873,77999,56361
2013,San Diego Chargers,1052439,513641,538798,59522,69144,69143,68601,48834,57954,59550,0,80115,68847,60256,75259,61536,65132,76497,65675,66374
2013,San Francisco 49ers,1116046,557856,558190,69732,68338,69732,56640,69732,69732,69143,83559,0,69732,73025,79773,69732,69732,64142,69732,63570
2013,Seattle Seahawks,1094133,545577,548556,73294,68338,68087,71756,66608,68127,61200,55966,67873,70309,68235,0,68387,69732,79691,68266,68264
2013,St. Louis Rams,1014994,455657,559337,55279,70056,80848,56640,54266,71104,72686,55966,54617,66004,0,66024,69732,60643,58442,54423,68264
2013,Tampa Bay Buccaneers,1016122,470548,545574,76957,60870,68756,44956,0,62505,69522,59073,67873,64448,55360,62098,72795,59194,64142,54423,73150
2013,Tennessee Titans,1057807,553144,504663,61585,71718,69143,69143,69143,68127,69143,0,54617,69143,69143,46001,65502,76554,69143,60559,69143
2013,Washington Redskins,1200007,617767,582240,82743,78020,80111,53549,0,90239,83147,77031,80115,64011,69144,79773,75220,56247,70069,80411,80177
2012,Arizona Cardinals,1028241,487125,541116,60032,68756,60436,60183,54653,60385,61068,62810,70504,0,69630,60062,79088,67685,60483,62734,69732
2012,Atlanta Falcons,1102398,560773,541625,71180,70427,61297,69594,75337,69383,0,69144,70840,73126,69630,54400,70514,73292,70741,63849,69644
2012,Baltimore Ravens,1109404,570229,539175,71064,69144,71269,70944,68803,71384,71708,0,65449,71339,63446,57882,71442,81178,71317,71470,61565
2012,Buffalo Bills,1033263,495423,537840,79088,69402,69353,70684,69732,60385,68836,0,71698,68756,69118,64366,53971,68109,40770,54462,54533
2012,Carolina Panthers,1108455,586347,522108,51533,72879,73951,69594,72676,0,73981,62254,79767,73939,72603,69144,62860,73292,53832,73026,73124
2012,Chicago Bears,1056462,498633,557829,62341,70543,62224,90080,67012,0,62300,62254,69143,62410,69732,62306,62264,64134,62534,62734,64451
2012,Cincinnati Bengals,1021414,489504,531910,71064,63036,80060,63030,61162,67060,63411,0,63623,56614,63336,56503,54980,63590,69144,63236,61565
2012,Cleveland Browns,1065268,533058,532210,68693,63036,69353,70944,79911,67060,64560,65337,65449,0,81936,69661,43641,62422,65083,76351,51831
2012,Dallas Cowboys,1290328,708249,582079,82287,68008,81984,90080,0,71384,73981,94067,70840,69144,81936,90166,81851,63590,95595,92570,82845
2012,Denver Broncos,1157779,613062,544717,76823,70427,76566,76787,68756,68604,0,76832,63623,73939,76769,74244,76432,53807,71317,76351,76502
2012,Detroit Lions,1038451,510158,528293,62315,69732,69143,63616,0,69144,62300,63497,63050,64059,63716,64827,63887,70382,60483,63849,64451
2012,Green Bay Packers,1106110,564062,542048,70523,70543,68218,70571,67020,71702,64359,70464,70504,0,63716,80365,70567,70382,62534,70508,64134
2012,Houston Texans,1123975,573321,550654,71566,62907,76566,71581,79088,71702,71708,0,71698,62410,71676,64827,69143,68756,71702,71688,66957
2012,Indianapolis Colts,1062645,521518,541127,62341,63912,63536,0,67020,79088,64560,69143,66479,63272,68756,64366,63887,64688,71702,62938,66957
2012,Jacksonville Jaguars,1010570,519872,490698,56607,62907,63536,63030,67012,0,51634,70464,63050,63272,71676,63323,53971,67027,53667,70251,69143
2012,Kansas City Chiefs,1040043,548070,491973,71180,69402,72226,69979,68803,46500,0,74730,55831,57644,63336,74244,62860,62422,51446,62938,76502
2012,Miami Dolphins,1005117,459033,546084,71566,54245,60102,60183,61162,52983,0,79088,66479,60165,69118,51295,72114,69732,53667,54462,68756
2012,Minnesota Vikings,1019702,485802,533900,56607,63912,57288,63616,57652,78476,61068,60860,67584,64059,0,62306,70567,64134,55751,71688,64134
2012,New England Patriots,1134734,550044,584690,69143,68756,71269,70684,68756,68137,68752,84004,0,68756,68756,79088,72114,68756,68756,70251,68756
2012,New Orleans Saints,1163696,583107,580589,72180,72879,72226,70571,73109,0,58906,76832,73099,73126,56880,73147,70514,81437,73096,92570,73124
2012,New York Giants,1229929,643964,585965,82287,76964,73951,69144,79911,69732,81352,94067,80991,56614,0,80365,80246,81437,70741,71470,80657
2012,New York Jets,1142324,632704,509620,79088,64511,60102,79088,79088,79088,68752,79088,0,67841,57711,79088,79088,67027,69143,79088,54533
2012,Oakland Raiders,976231,433732,542499,61896,54245,62373,76787,0,69383,51634,74730,52055,71339,56880,56503,43641,53807,51446,73026,66486
2012,Philadelphia Eagles,1126893,553152,573741,68693,69144,60436,69144,64737,69144,0,69144,73099,69144,79327,69144,81851,64941,69144,69144,80657
2012,Pittsburgh Steelers,1078574,489135,589439,76823,64511,62373,0,64737,69143,63411,62371,80991,57644,63446,69661,71442,61359,95595,63236,51831
2012,San Diego Chargers,1022066,479716,542350,61896,60804,61297,69979,73109,68604,0,65337,55831,54813,76769,57882,54980,61359,53832,79088,66486
2012,San Francisco 49ers,1094908,557856,537052,70523,69732,57288,79088,69732,69732,69732,62810,0,69732,69732,73147,57279,69732,68756,68161,69732
2012,Seattle Seahawks,1017029,543570,473459,60032,68008,68218,53193,72676,68137,69732,63497,67584,67841,0,51295,62264,67685,40770,68161,67936
2012,St. Louis Rams,975825,480929,494896,62315,53979,62224,53193,54653,52983,64359,84004,0,69732,57711,60062,57279,68109,55751,51535,67936
2012,Tampa Bay Buccaneers,1004457,440819,563638,51533,76964,81984,58191,0,46500,58906,60860,52055,54813,72603,54400,76432,64941,73096,51535,69644
2012,Tennessee Titans,1070701,553144,517557,69143,60804,69143,71581,57652,69143,68836,69143,69143,60165,0,63323,69143,64688,69143,70508,69143
2012,Washington Redskins,1189702,637236,552466,72180,53979,80060,58191,75337,78476,81352,62371,79767,0,79327,90166,80246,81178,65083,69144,82845
2011,Arizona Cardinals,1001663,489455,512208,60627,76330,66199,60496,62479,0,62475,71022,60628,69144,69732,56029,62180,60808,60443,41273,61798
2011,Atlanta Falcons,1073420,551892,521528,62115,69608,46995,66266,69576,69047,63625,0,65218,70359,68164,68115,71545,72680,68856,73084,68167
2011,Baltimore Ravens,1083902,569792,514110,71434,69143,56289,71247,0,71154,62976,71022,64851,66522,71320,71345,63648,71187,67242,71083,63439
2011,Buffalo Bills,1032609,490443,542166,68755,68191,68174,41142,69803,79243,0,51579,70133,85157,57531,79088,56463,62494,60988,45112,68756
2011,Carolina Panthers,1098587,578342,520245,60627,73167,71704,62135,72679,69047,73245,72095,0,72409,63633,63928,56270,72680,71540,70363,73065
2011,Chicago Bears,1053343,497166,556177,62115,73019,62339,62135,67861,62322,76981,0,69144,62396,62344,59244,61973,76487,61542,70574,62867
2011,Cincinnati Bengals,923005,394009,528996,67321,73281,43363,41142,61799,52068,0,66004,69143,63262,71320,48260,63697,41202,56431,41273,63439
2011,Cleveland Browns,1030992,526874,504118,67321,65035,66651,66240,0,57300,66350,69732,71511,64900,63498,48260,63648,60754,60443,71083,68266
2011,Dallas Cowboys,1258971,684096,574875,78702,69732,91017,78122,0,68756,80086,69144,81510,85157,80122,87418,62180,95952,65162,84834,81077
2011,Denver Broncos,1109610,602618,506992,75671,73281,69143,70529,74895,0,63800,74977,58125,72908,74746,64436,62939,76487,76556,45112,76005
2011,Detroit Lions,1041580,509940,531640,51274,60040,62466,78122,67861,62061,63625,74977,0,62396,63633,66263,73042,63988,59069,62469,70294
2011,Green Bay Packers,1123023,564097,558926,70555,73167,62339,70529,69576,70604,63946,0,68908,70519,70498,66263,80634,70524,74093,70574,70294
2011,Houston Texans,1059702,571969,487733,71444,51032,73002,71585,71420,71154,69143,71412,71511,56037,0,62004,71545,41202,71540,64159,71512
2011,Indianapolis Colts,1050690,518627,532063,71444,65035,66309,63972,65088,52068,73012,69143,65218,64619,0,63928,68756,71187,64271,64159,62481
2011,Jacksonville Jaguars,1049655,498655,551000,61619,78834,71704,62471,61799,62934,62976,71412,0,64619,63498,62004,62743,62562,68856,69143,62481
2011,Kansas City Chiefs,1107206,576659,530547,68755,60040,62236,72931,65088,0,57361,72733,72263,72908,68756,72173,61973,79088,74093,70803,76005
2011,Miami Dolphins,1064381,487089,577292,66860,51032,66651,63002,0,78912,63800,79302,72263,57007,57531,87418,57225,67823,60988,68756,65811
2011,Minnesota Vikings,1047585,502529,545056,66716,62461,62466,72931,62479,62322,63946,72095,0,70519,62748,68115,62939,63988,62623,68370,62867
2011,New England Patriots,1114691,550048,564643,66860,68756,68174,62572,68756,68756,0,64424,68756,79088,68756,69144,68756,77825,76556,68756,68756
2011,New Orleans Saints,1105934,584335,521599,70555,73019,73002,62471,72679,56590,73012,57179,73043,70359,0,73068,73042,69143,62623,73084,73065
2011,New York Giants,1232157,635800,596357,80121,78290,69144,60496,78650,79243,0,79302,68756,69732,79743,73068,80634,95952,78861,79088,81077
2011,New York Jets,1187392,631888,555504,78702,78834,61546,71247,68756,78912,79088,0,70133,79088,74746,79088,74121,79088,69144,79088,65811
2011,Oakland Raiders,1018629,473938,544691,75671,68191,61546,62572,71420,57300,57361,0,58125,68109,62748,59244,57225,70524,59069,70803,58721
2011,Philadelphia Eagles,1129171,553152,576019,56722,69608,69144,69144,69803,80447,0,69144,69144,69144,79743,69144,67039,67823,69144,84834,69144
2011,Pittsburgh Steelers,1049515,504279,545236,71434,63663,66309,71585,63875,62934,62475,64424,64851,63262,0,72173,63697,60754,69732,60081,68266
2011,San Diego Chargers,1064892,523143,541749,66716,68756,62236,63002,74895,0,79088,72733,68908,68109,62344,64436,62743,62494,67242,62469,58721
2011,San Francisco 49ers,1065296,557856,507440,69732,69732,43363,69144,69732,62061,0,69732,78032,69732,69732,71345,69732,60808,69732,66697,55990
2011,Seattle Seahawks,1070956,531311,539645,69732,63663,66199,66266,78650,0,66350,66004,81510,66522,56400,66007,67039,66577,61542,66697,61798
2011,St. Louis Rams,1002051,451153,550898,56722,78290,56289,56113,0,70604,80086,57179,60628,64900,56400,56029,69732,66577,56431,60081,55990
2011,Tampa Bay Buccaneers,1019250,473281,545969,51274,62461,46995,63972,69732,56590,76981,0,73043,56037,70498,69143,56270,62562,65162,70363,68167
2011,Tennessee Titans,1077697,553144,524553,61619,69143,69143,66240,63875,0,69143,69143,69143,72409,68164,69143,56463,69143,64271,69143,71512
2011,Washington Redskins,1158341,615368,542973,80121,76330,91017,56113,0,80447,73245,51579,78032,57007,80122,66007,74121,77825,78861,68370,69144
2010,Arizona Cardinals,1022730,502197,520533,52440,66824,62439,62189,62621,0,67132,61857,64120,61904,66247,62308,61874,62223,71849,66971,69732
2010,Atlanta Falcons,1056190,542800,513390,63609,66824,70051,66874,65290,69144,67665,0,67266,68474,53005,68204,53955,71235,67101,70144,67349
2010,Baltimore Ravens,1123436,569817,553619,78127,64071,71119,64729,71246,68756,71220,0,71305,68474,73021,70989,71418,71413,71432,65028,71088
2010,Buffalo Bills,1034650,493112,541538,69295,70741,68756,69262,58304,0,71220,66625,50746,56721,55654,69642,64012,50861,65511,68281,79019
2010,Carolina Panthers,1084908,580965,503943,77245,72577,72887,70016,73464,0,72741,52281,73191,44264,73021,64463,66577,71235,71849,61748,67349
2010,Chicago Bears,1022863,497561,525302,62080,85168,62179,77716,73464,62137,62155,0,50746,62206,68752,62147,58119,62347,40504,62310,70833
2010,Cincinnati Bengals,1033852,482917,550935,68756,64071,72887,66731,63888,0,67665,63179,65626,67404,55654,78903,59963,57501,56342,54194,71088
2010,Cleveland Browns,1017907,528933,488974,47211,65377,71119,66731,65290,65168,70077,0,66292,67449,62254,64463,65942,50861,56342,65028,68303
2010,Dallas Cowboys,1277973,696377,581596,90670,85168,71456,0,90616,64120,91375,81395,70913,80851,81261,93985,67471,85673,86904,66971,69144
2010,Denver Broncos,1129448,599264,530184,63636,75130,76401,69143,71246,75982,75835,83941,0,75334,68482,72736,67267,62223,44246,73691,74155
2010,Detroit Lions,977218,450286,526932,62080,56688,63377,70729,55714,78341,0,46329,57799,56721,81261,60965,58119,57659,47692,66731,57013
2010,Green Bay Packers,1122668,566362,556306,69144,70741,62179,70729,87760,70815,71107,78484,70913,0,64120,68204,70575,57659,68756,70649,70833
2010,Houston Texans,1108625,568643,539982,70974,88240,71456,32218,71110,70926,0,66363,70886,62340,78843,70855,69144,71413,69143,73691,71023
2010,Indianapolis Colts,1093781,535802,557979,70974,67275,76401,63111,66869,87883,0,66363,69144,67404,68756,66085,67471,69143,67147,52567,67188
2010,Jacksonville Jaguars,1061603,504262,557341,63636,62691,63256,63111,58304,63625,69105,81395,0,62340,62254,78533,69143,62570,67147,63470,71023
2010,Kansas City Chiefs,1069780,541380,528400,71297,65377,68188,0,66869,70926,69105,66625,61075,75334,66247,66370,67267,66780,55669,65606,67045
2010,Miami Dolphins,1077049,541959,535090,69295,63846,70481,69090,0,70815,69867,63179,71305,65585,68752,48946,65942,78948,65511,66731,68756
2010,Minnesota Vikings,1029797,470009,559788,70051,63846,63377,0,77909,64120,71107,68756,64120,62206,64120,83602,64012,45910,40504,69144,57013
2010,New England Patriots,1088753,550048,538705,68756,78535,68756,69090,0,68756,68836,68756,66292,64359,68756,60965,68756,62347,68756,68281,68756
2010,New Orleans Saints,1113131,560304,552827,70051,69732,70051,70016,62621,51759,70077,70011,73191,0,70015,93985,59963,70015,71432,70144,70068
2010,New York Giants,1190095,631156,558939,77245,67275,78386,77716,71110,78341,91375,0,67287,80851,69144,78533,78861,45910,81223,70649,76189
2010,New York Jets,1163375,628768,534607,78127,78535,70481,69262,77909,75982,0,78484,57799,67449,78843,78903,68756,78948,62568,62310,79019
2010,Oakland Raiders,911382,371448,539934,69143,48396,62439,32218,48279,69732,75835,35721,61075,0,64987,48946,68183,62570,44246,52567,67045
2010,Philadelphia Eagles,1125926,553152,572774,69144,56688,63256,69144,69732,69144,69143,0,69144,84912,69144,62147,69144,85673,81223,69144,69144
2010,Pittsburgh Steelers,1049715,504669,545046,63609,69143,61036,64729,0,65168,69867,70011,65626,64359,64987,69642,71418,57501,62568,61748,68303
2010,San Diego Chargers,1028715,524241,504474,71297,62691,67106,62189,48279,52472,68836,59260,70886,0,68482,66085,68183,66780,67820,54194,74155
2010,San Francisco 49ers,1100435,572065,528370,67044,69732,68188,66874,69732,69732,72741,83941,0,69732,69732,62308,70575,69732,67820,52820,69732
2010,Seattle Seahawks,1009483,535942,473541,67044,75130,67106,52326,0,62137,67132,35721,67287,61904,70015,66370,66577,69732,67101,46576,67325
2010,St. Louis Rams,911195,423383,487812,52440,48396,52370,52326,55714,52472,42020,52281,0,69732,53005,72736,61874,70015,55669,52820,67325
2010,Tampa Bay Buccaneers,937014,394513,542501,47211,72577,61036,0,63888,51759,42020,61857,67266,44264,69732,70989,53955,66124,47692,46576,70068
2010,Tennessee Titans,1114265,553144,561121,69143,69143,78386,69143,90616,63625,69143,59260,0,65585,69143,70855,69143,69143,69143,65606,67188
2010,Washington Redskins,1193756,665380,528376,90670,88240,52370,69144,87760,87883,62155,46329,0,84912,69143,83602,78861,66124,86904,63470,76189
2009,Arizona Cardinals,999150,505143,494007,61981,46520,62692,0,61819,67588,78299,62031,62309,62278,59839,69143,64121,69732,40577,62624,67597
2009,Atlanta Falcons,1126660,545389,581271,67606,67313,68756,0,69732,68082,81521,70088,67982,73239,78491,67029,69560,68930,76866,68887,62578
2009,Baltimore Ravens,1074077,568660,505417,71099,66882,70950,68756,71161,63689,0,71132,64313,69023,71320,71314,70286,70673,71011,64068,38400
2009,Buffalo Bills,1080744,542465,538279,68756,70318,70261,65523,70526,76048,73497,69790,0,69143,47757,70155,51567,68668,70000,68887,69848
2009,Carolina Panthers,1162625,586314,576311,73599,67313,90588,0,73487,62422,73497,62031,70011,73239,73475,76381,72455,68756,73515,78809,73047
2009,Chicago Bears,1031114,498000,533114,70920,62231,67938,62192,0,68082,64900,62262,62309,69732,62421,63854,61892,62214,71011,62479,56677
2009,Cincinnati Bengals,1035068,512032,523036,62831,70678,64538,69844,71161,64019,64900,0,64313,65392,34112,64553,62545,63854,68889,64333,79106
2009,Cleveland Browns,1054215,551110,503105,70560,73931,70950,69844,70526,64398,69797,62262,0,69023,43170,64553,67978,69009,53315,67964,66935
2009,Dallas Cowboys,1307231,718055,589176,63806,105121,90588,76440,71214,0,81521,80886,69144,70894,85277,83489,79244,90552,70213,88221,100621
2009,Denver Broncos,1139659,600928,538731,62831,73931,45602,76440,76011,68615,0,71132,76716,85247,74707,74896,68912,67248,74502,69144,73725
2009,Detroit Lions,931681,395162,536519,69719,56269,40896,62192,59333,70801,0,40857,67003,63854,43170,57383,62545,70673,40577,69732,56677
2009,Green Bay Packers,1067183,565666,501517,70920,70678,60234,63846,0,70801,69797,71213,62994,70894,70445,57383,70286,62214,57452,70429,67597
2009,Houston Texans,1049850,564864,484986,70118,69143,70083,70291,61819,64019,70820,69790,66033,0,71153,70990,42079,70380,46256,65847,71029
2009,Indianapolis Colts,1066479,532398,534081,65757,66227,62692,66112,69143,0,60108,66229,66033,67476,71320,70990,66321,67248,63753,67222,69848
2009,Jacksonville Jaguars,951161,397214,553947,65757,46520,70083,49014,67228,42088,0,69143,45546,76313,47757,69732,42079,60457,63753,68756,66935
2009,Kansas City Chiefs,1049533,540114,509419,71099,69169,69144,69238,71214,79572,69337,0,45546,40720,70261,65280,68912,68668,53315,64333,73725
2009,Miami Dolphins,1094695,540342,554353,67606,66227,67230,65523,69767,0,66689,77531,68756,66085,73475,70155,70102,60457,69143,65847,70102
2009,Minnesota Vikings,1034123,510203,523920,70560,56269,63398,63846,60166,63689,65597,71213,0,63854,63854,63854,64121,63854,73515,62479,63854
2009,New England Patriots,1138000,550048,587952,68756,78312,68756,68756,76011,68756,84254,0,68756,67476,68756,70768,70102,68756,70000,68756,71029
2009,New Orleans Saints,1116009,560840,555169,69719,69144,70261,70009,0,70011,66689,70088,70011,59858,62720,70768,84520,68930,70213,70021,73047
2009,New York Giants,1223927,629615,594312,78206,105121,63689,69238,79012,70011,78299,69144,78774,0,78491,74896,79244,78780,78359,78809,63854
2009,New York Jets,1115944,616420,499524,70118,78312,75863,70009,69767,76048,39354,77531,0,76313,68756,76381,51567,62731,76866,67222,79106
2009,Oakland Raiders,927539,354276,573263,61940,69169,45602,70291,79012,49642,39354,67016,0,40720,34112,83489,61820,44506,74502,67964,38400
2009,Philadelphia Eagles,1144895,553152,591743,73599,69144,69144,0,69144,49642,88241,69144,69144,68879,62421,69144,69560,78780,69144,69144,100621
2009,Pittsburgh Steelers,1051386,507882,543504,65110,62231,64538,64045,59333,64398,65597,0,76716,65392,70261,71314,61820,69009,57452,64068,70102
2009,San Diego Chargers,1116821,540345,576476,61940,66882,67230,64045,0,68615,69337,67016,78774,68879,74707,65280,67978,90552,68889,69143,67554
2009,San Francisco 49ers,1075599,557856,517743,61981,69732,63398,69732,69732,0,70820,66229,69732,69732,70445,69732,67761,69732,69144,69732,47965
2009,Seattle Seahawks,1070287,539141,531146,67610,69732,67938,66112,67228,67588,0,80886,67003,62278,63854,47475,67761,70380,67011,70429,67002
2009,St. Louis Rams,943627,441901,501726,67610,87780,60234,69732,60166,42088,60108,40857,0,59858,59839,47475,61892,69143,46256,62624,47965
2009,Tampa Bay Buccaneers,1093669,525194,568475,63806,70318,63689,86412,69144,62422,84254,0,62994,66085,62720,67029,72455,62731,67011,70021,62578
2009,Tennessee Titans,1086095,553144,532951,65110,69143,75863,49014,69143,68756,0,69143,69732,69143,71153,69143,66321,69143,69143,69143,67002
2009,Washington Redskins,1205404,678352,527052,78206,87780,40896,86412,73487,79572,88241,0,67982,85247,85277,69144,84520,44506,78359,88221,67554
2008,Arizona Cardinals,1087072,512775,574297,67186,63445,90060,78222,63830,64389,0,72010,61303,64519,67616,64541,69144,63720,64457,68756,63874
2008,Atlanta Falcons,1040162,502813,537349,62310,63611,62434,72688,70610,64096,0,69144,61196,64826,54644,64841,67200,70011,65045,62889,64617
2008,Baltimore Ravens,1115465,570152,545313,70978,0,71104,64038,71131,66153,64972,71254,73078,70552,78849,71379,63871,71438,71502,63800,71366
2008,Buffalo Bills,1102421,551969,550452,71194,65167,71297,61017,63830,0,71602,65011,71827,68756,71645,73584,70988,52134,78548,74539,71282
2008,Carolina Panthers,1111316,585684,525632,67115,73828,62628,72688,72319,64211,73687,72010,0,47888,73349,64841,70297,74113,73690,78653,69999
2008,Chicago Bears,1028406,496276,532130,66822,73828,62051,62099,59790,64096,62235,0,62188,62124,71040,61994,63722,61736,61692,62151,70838
2008,Cincinnati Bengals,1076462,516663,559799,70978,64540,79276,65541,62655,78161,65860,70112,64238,0,64633,59854,63871,66402,63996,72361,63984
2008,Cleveland Browns,1147622,582230,565392,73012,73048,71104,65541,0,73102,90487,64775,73078,73141,71645,72077,72411,69143,69144,72361,63553
2008,Dallas Cowboys,1076887,506944,569943,73012,63472,71113,63462,62655,64389,62035,63254,78826,0,90830,63272,63253,60594,63776,63800,69144
2008,Denver Broncos,1159630,604074,555556,62762,75915,75713,74623,75480,75674,68756,0,75499,73141,54644,76067,78809,75187,73690,74539,69131
2008,Detroit Lions,970445,435979,534466,62310,60285,67249,0,59790,62867,70081,54312,62188,52631,73349,49096,60112,50444,66281,49309,70141
2008,Green Bay Packers,1089433,565460,523973,71004,60285,71113,64122,70610,68302,71010,0,69143,63845,71040,70668,70297,70245,65457,62151,70141
2008,Houston Texans,1075618,563364,512254,64001,0,69143,64061,70118,70023,70081,70112,62839,70552,66201,72077,70809,70245,70831,43687,70838
2008,Indianapolis Colts,1075412,531026,544386,66822,63585,65938,0,70118,66153,71010,69143,66508,64043,66201,68428,72411,66402,66281,65648,66721
2008,Jacksonville Jaguars,1052873,521338,531535,69143,65167,65938,64061,65908,75674,0,64775,64238,52631,65258,65064,70809,61736,65457,65648,71366
2008,Kansas City Chiefs,1142228,592622,549606,68756,74480,62434,74623,72319,0,74200,78037,74045,67510,74159,73584,61379,75187,73842,73689,63984
2008,Miami Dolphins,1067965,523919,544046,65859,63445,68756,0,65063,70023,64972,65011,75499,64862,65113,67146,61046,52134,65893,73689,79454
2008,Minnesota Vikings,1023776,506136,517640,71004,63585,62628,69143,70015,62867,62235,0,62839,63845,65278,65064,63722,50444,64457,62889,63761
2008,New England Patriots,1100148,550048,550100,68756,78554,68756,0,67650,68704,68756,68756,66508,68756,68756,67146,68756,68077,62179,68756,71282
2008,New Orleans Saints,1125938,573876,552062,69881,88246,75713,70008,70015,70068,73687,83226,0,64826,74159,70668,64430,70011,61692,49309,69999
2008,New York Giants,1179158,632554,546604,79742,61377,79276,0,79529,73102,78676,64991,78826,69144,78849,64541,85912,79003,63776,78653,63761
2008,New York Jets,1170229,627858,542371,65859,78554,68922,78222,0,78161,61901,78037,71827,78073,68756,69143,78809,67782,78548,68181,79454
2008,Oakland Raiders,1024023,462800,561223,62762,74480,71297,61808,0,70068,61901,71254,61196,47888,65113,76067,61379,68097,62179,43687,64847
2008,Philadelphia Eagles,1111845,553152,558693,69144,63472,69144,62099,69144,67640,0,69144,68055,69144,64633,71379,69144,79003,69144,82412,69144
2008,Pittsburgh Steelers,1076998,503125,573873,64001,73048,69144,64038,65908,0,65860,64991,90512,64043,62051,59854,68756,60594,71502,69143,63553
2008,San Diego Chargers,1103392,545107,558285,67115,75915,68922,61808,65063,68704,71602,83226,0,67510,62051,68428,67200,68097,73842,64778,69131
2008,San Francisco 49ers,1076358,540103,536255,67186,67951,67249,70008,67650,67640,78676,67504,0,64519,67573,63272,70988,67782,65893,54948,67519
2008,Seattle Seahawks,1075115,543965,531150,71194,67951,68012,0,79529,68302,64811,67504,68055,64862,67616,67771,63253,68077,56123,68181,63874
2008,St. Louis Rams,1050114,479843,570271,69144,61377,68012,61017,0,90376,62035,68756,61303,78073,67573,61994,61046,63720,56123,54948,64617
2008,Tampa Bay Buccaneers,1049053,516088,532965,69881,63611,62051,64122,75480,64211,64811,63254,74045,0,65278,49096,64430,74113,65045,64778,64847
2008,Tennessee Titans,1088061,553144,534917,69143,64540,69143,69143,71131,0,74200,69143,69143,62124,65258,69143,60112,69143,70831,69143,66721
2008,Washington Redskins,1246219,708835,537384,79742,88246,90060,63462,69144,90376,90487,54312,90512,0,90830,67771,85912,71438,63996,82412,67519
2007,Arizona Cardinals,1072427,516646,555781,68111,64542,71372,64844,61788,64403,85640,0,65267,64753,65403,64483,64791,68193,70007,64159,64671
2007,Atlanta Falcons,1075623,547167,528456,62815,61821,68175,69312,69143,69828,69994,0,66049,73340,69480,69845,62051,69553,65133,64159,64925
2007,Baltimore Ravens,1112200,569226,542974,66093,71246,71372,73024,67885,71175,70727,0,63457,71130,71055,63337,71382,70513,70287,68164,71353
2007,Buffalo Bills,1140970,568437,572533,71132,64307,68756,70600,71575,0,70727,76688,70745,70615,71338,64546,85831,71018,73196,71302,68594
2007,Carolina Panthers,1126754,587221,539533,65307,73665,68175,73707,70001,64403,0,74005,69143,73340,70805,72032,73191,66090,73421,73860,65609
2007,Chicago Bears,1041602,497267,544335,67837,62095,62099,60811,70904,62174,67806,62171,0,62715,68249,62148,62244,82213,63800,62272,62064
2007,Cincinnati Bengals,1083308,526320,556988,66093,72801,68110,66113,0,76846,65868,66188,70745,71130,65403,65489,58842,65143,68053,66023,70461
2007,Cleveland Browns,1110086,584006,526080,73089,72801,51075,73024,68756,73198,0,62777,72927,64781,71055,72730,64791,76822,73196,66023,73041
2007,Dallas Cowboys,1087748,508278,579470,63031,71615,62099,62866,71575,63984,63432,0,67688,78964,63706,63315,64167,62759,63777,73860,90910
2007,Denver Broncos,1139812,612893,526919,71132,76784,76463,57274,76879,0,77038,77160,60783,77368,76590,62148,61990,75895,70747,65477,76084
2007,Detroit Lions,1035791,490436,545355,61547,61771,67570,60811,88944,0,60442,62171,60783,64753,60675,63257,62996,62759,66505,59938,70869
2007,Green Bay Packers,1120775,566443,554332,70598,78701,70733,63779,70904,70761,0,77160,78988,70945,70805,63257,64167,70828,66008,62272,70869
2007,Houston Texans,1080028,564159,515869,70080,73665,70765,69312,70156,63715,70734,60439,49603,0,70780,72730,69143,70237,70747,57262,70660
2007,Indianapolis Colts,1009598,458437,551161,57361,69143,70765,57274,57202,0,67164,74005,57540,67726,57294,69845,57302,70513,62000,57262,57202
2007,Jacksonville Jaguars,1066830,522410,544420,65437,61821,76463,0,76917,63715,67164,65133,70009,69143,66732,64546,57302,66090,58793,66905,70660
2007,Kansas City Chiefs,1143671,614217,529454,70080,62095,78038,65175,76917,76846,62240,0,78988,77368,57294,76210,74874,75895,74976,59938,76737
2007,Miami Dolphins,1154961,577835,577126,90163,71615,77197,70621,70156,73198,71951,81176,0,70615,68934,57704,71109,71018,70287,68756,70461
2007,Minnesota Vikings,1065131,506046,559085,62815,61771,78038,63779,0,62174,63432,63019,63043,70945,62960,78591,62996,68050,63800,63634,76084
2007,New England Patriots,1109366,550048,559318,77900,68756,68756,66113,68756,63984,71951,68756,57540,0,71338,68756,71382,68756,68756,68756,79110
2007,New Orleans Saints,1093544,560036,533508,57361,65178,70002,0,70001,68296,69994,68244,70009,70003,70780,72032,70009,69553,70007,70011,62064
2007,New York Giants,1197501,629848,567653,63031,78701,90803,78862,78809,69828,78912,81176,0,78964,60675,78591,62244,68594,77899,71302,79110
2007,New York Jets,1175701,616855,558846,77900,71246,77197,70600,78809,77189,65868,76688,76663,0,77659,63315,71109,76822,68756,69143,76737
2007,Oakland Raiders,1033850,472876,560974,61547,76784,51075,70621,0,67523,62240,69143,49603,62715,62960,76210,61990,70828,62000,66905,61706
2007,Philadelphia Eagles,1127787,545357,582430,70598,67726,67570,78862,0,77189,67806,63019,67688,90218,68934,68756,68445,68594,63777,70011,68594
2007,Pittsburgh Steelers,1061307,496675,564632,73089,64307,64313,64844,64478,0,77038,66188,63457,64781,77659,57704,58842,68756,58793,65705,71353
2007,San Diego Chargers,1075885,524019,551866,67837,68756,70733,65175,76879,67523,0,60439,63043,67726,66732,63337,74874,69143,66505,65477,61706
2007,San Francisco 49ers,1097841,544226,553615,68111,65295,64313,67651,67885,0,78912,68244,66049,68331,68039,64483,73191,68050,68053,68193,73041
2007,Seattle Seahawks,1087363,545551,541812,68044,64542,68110,67651,64478,68296,68164,0,72927,68331,68249,65423,68445,68193,73421,68164,64925
2007,St. Louis Rams,1049682,514354,535328,65307,65295,65267,62866,61788,71175,68164,62777,0,70003,68039,65423,62051,65143,66008,65705,64671
2007,Tampa Bay Buccaneers,1059844,522530,537314,68044,65178,65267,73707,57202,65347,60442,65133,65267,0,69480,65596,70009,70237,65133,68193,65609
2007,Tennessee Titans,1098921,553144,545777,65437,69143,70002,0,69143,65347,70734,69143,69143,69143,76590,65489,69143,69143,74976,69143,57202
2007,Washington Redskins,1259463,704722,554741,90163,67726,90803,0,88944,70761,85640,68756,76663,90218,63706,65596,85831,82213,77899,63634,90910
2006,Arizona Cardinals,1041022,508829,532193,63407,67470,63278,68981,63445,63977,61595,70809,0,63926,63348,63483,65612,63603,63845,67751,66492
2006,Atlanta Falcons,1126210,563462,562748,73522,70828,70003,68981,0,70840,71151,65978,60987,70793,70790,70933,86436,65691,71102,68834,69341
2006,Baltimore Ravens,1125187,566547,558640,65087,70744,72474,70743,76355,70762,0,69152,70792,69143,70790,70946,65973,77232,70857,63224,70913
2006,Buffalo Bills,1081107,541169,539938,68756,72797,72067,71972,62206,60704,72180,0,72205,57306,70125,63608,63361,77131,71011,54765,70913
2006,Carolina Panthers,1147260,588537,558723,73522,63623,65423,73392,73520,70762,65964,73682,0,73573,73348,85450,69098,73702,73798,68834,69569
2006,Chicago Bears,1048363,497786,550577,70918,62181,63754,62225,62206,63977,0,62200,62206,78641,77632,68756,62221,66234,62260,60665,62287
2006,Cincinnati Bengals,1081250,527870,553380,77956,66072,64922,66035,0,65732,65964,65978,70792,65917,68001,72926,65973,65882,57292,75759,66049
2006,Cleveland Browns,1112241,578672,533569,72915,66072,72474,61426,73520,0,73024,72507,65558,70793,73296,72926,71927,55246,70857,69603,70097
2006,Dallas Cowboys,1089509,506308,583201,67164,63152,0,69143,69268,63186,63512,73682,90250,63926,63706,63183,78666,63722,71102,62839,63008
2006,Denver Broncos,1155737,610782,544955,65577,76786,68756,0,76355,76691,73024,76767,64661,62094,76723,79484,76146,67514,63845,75759,75555
2006,Detroit Lions,1021303,487116,534187,60535,62181,61095,65563,63906,60704,76953,0,60987,60707,63348,61562,68756,60861,70472,60665,63008
2006,Green Bay Packers,1104825,565749,539076,70918,70602,61095,69222,70804,0,73548,70809,72205,63924,70753,68256,70527,68539,70472,70864,62287
2006,Houston Texans,1086443,561469,524974,70180,56614,70069,70071,0,63186,70035,69143,78485,65918,70125,76596,46276,70760,68756,70132,70097
2006,Indianapolis Colts,1028634,457154,571480,78622,56614,57041,77190,57021,0,57274,76767,68756,57306,63706,57296,69143,67164,57292,70132,57310
2006,Jacksonville Jaguars,1104052,534866,569186,67164,67164,57041,89450,66604,0,70035,69249,66524,65918,67164,63608,73160,67164,69143,67164,77500
2006,Kansas City Chiefs,1167512,623275,544237,77956,76786,0,77609,63445,64727,77752,77645,66191,73132,78097,79484,71927,77232,66583,61446,77500
2006,Miami Dolphins,1119255,585973,533282,64927,72797,72733,70071,68756,77439,73548,0,62206,73132,73070,61562,73160,74033,71011,73500,57310
2006,Minnesota Vikings,1075545,509743,565802,90608,63623,63754,71972,63906,0,68118,63819,68088,63924,73070,63483,62221,60861,63677,70864,63557
2006,New England Patriots,1110770,550048,560722,68756,77595,68756,66035,68756,0,72180,63819,68756,68756,70753,68756,68756,74033,68756,67164,69143
2006,New Orleans Saints,1108045,550470,557575,72915,70602,70003,73392,68183,68269,0,69152,65561,61911,68001,70933,68241,63722,69052,78539,69569
2006,New York Giants,1196814,628910,567904,78622,69241,68161,0,78653,70840,63512,78647,78485,78641,67164,69143,78666,73702,78657,78539,86141
2006,New York Jets,1175356,618575,556781,69143,77595,72067,77190,66604,77439,76953,72507,0,68756,77632,76596,70527,77131,63677,73500,78039
2006,Oakland Raiders,1039706,467964,571742,62578,70744,0,61426,68368,76691,61595,62385,67816,62094,78097,66105,46276,65882,50164,61446,78039
2006,Philadelphia Eagles,1109173,553794,555379,70180,69241,68166,69222,69268,68269,65808,69249,0,69143,69232,57296,69098,84164,78657,62839,69341
2006,Pittsburgh Steelers,1052087,499461,552626,64927,67164,64922,0,67837,64727,71151,62385,64661,61911,73296,70946,59843,55246,73798,63224,66049
2006,San Diego Chargers,1084416,531031,553385,62578,64344,0,70743,67837,68137,77752,66598,65558,65917,76723,66105,63361,67514,66583,68174,66492
2006,San Francisco 49ers,1086093,545207,540886,63407,67791,68166,77609,68368,68137,0,62200,68088,60707,68367,65517,68241,68539,67650,67751,75555
2006,Seattle Seahawks,1083593,543820,539773,60535,67470,68161,62225,0,65592,68118,77645,67816,68175,68367,68256,76146,63603,67650,68174,65660
2006,St. Louis Rams,1046325,522610,523715,65577,67791,63278,65563,70804,65592,0,66598,66191,68175,73348,65517,65612,66234,50164,62324,63557
2006,Tampa Bay Buccaneers,1070781,524661,546120,65087,70828,65423,0,68183,65732,65808,78647,65561,73573,65699,63183,59843,65691,62260,69603,65660
2006,Tennessee Titans,1097073,553144,543929,69143,64344,72733,69143,57021,88550,0,69143,66524,69143,69232,69143,69143,70760,69143,54765,69143
2006,Washington Redskins,1236415,701049,535366,90608,63152,70069,89450,78653,88550,57274,0,90250,69143,65699,85450,86436,84164,69052,62324,86141
2005,Arizona Cardinals,920848,401035,519813,78387,45160,64843,103467,38809,0,39482,62068,43542,61091,65750,39198,60439,46654,70024,44723,57211
2005,Atlanta Falcons,1104620,565106,539514,70806,66030,72032,69552,71079,65562,70995,0,72187,71001,70794,62390,73661,70083,62170,65482,70796
2005,Baltimore Ravens,1097015,563076,533939,70501,69149,0,70479,61201,70196,62102,64178,70540,66107,70601,65680,69909,75651,70604,70246,69871
2005,Buffalo Bills,1090208,575248,514960,71781,64777,72032,58688,72160,72045,42779,68756,0,72093,65602,71440,72051,71810,71887,65485,76822
2005,Carolina Panthers,1061837,587700,474137,72920,73528,72288,73657,38809,61083,0,73502,65014,73529,62156,71440,73661,73467,32551,73436,70796
2005,Chicago Bears,1015156,496965,518191,90138,62019,62045,0,73079,62143,62102,61814,32637,62153,62156,65506,62177,61237,62170,69757,64023
2005,Cincinnati Bengals,1069357,526469,542888,73013,65763,62045,65714,66137,69149,66104,65940,70540,0,65995,65680,63044,65788,61749,65485,77211
2005,Cleveland Browns,1081072,578330,502742,73013,70400,57127,0,73079,70196,72923,70064,72594,63491,72773,63814,70941,65788,41862,73136,69871
2005,Dallas Cowboys,1081038,505258,575780,67679,65207,68247,62400,63199,62278,67046,62068,0,67739,62670,63273,78645,63432,90588,73436,63131
2005,Denver Broncos,1167388,608790,558598,72324,75310,76381,66045,75880,76571,78516,76530,0,62779,76255,63273,78261,75651,71887,76212,65513
2005,Detroit Lions,1016559,492580,523979,61877,62019,0,64994,61201,61083,72923,61814,63813,61091,62670,62390,61375,70019,61749,63747,63794
2005,Green Bay Packers,1099618,562419,537199,61877,70400,70518,73657,70580,0,64278,65940,70607,71001,70610,67665,62177,70019,70604,69757,69928
2005,Houston Texans,1094938,562397,532541,71781,70742,0,65714,70430,66196,70621,70064,64613,57209,70481,70010,69909,69149,70024,70025,67970
2005,Indianapolis Colts,1005498,457373,548125,70501,56460,57127,69149,68084,57307,70621,0,68756,57209,65995,57442,57228,67164,57389,67855,57211
2005,Jacksonville Jaguars,1037856,525519,512337,65204,56460,77422,66045,66137,63891,0,65251,64613,66107,69149,39198,70941,67164,64764,70025,65485
2005,Kansas City Chiefs,1180710,623325,557385,78014,62273,76381,78742,0,78083,68350,65750,79033,72093,70481,78025,78261,63432,78625,75956,77211
2005,Miami Dolphins,1107797,575256,532541,72324,77918,72288,0,72160,65168,68350,61643,72187,73405,72773,49097,72051,65026,72650,72001,68756
2005,Minnesota Vikings,1063788,511960,551828,63939,65763,63952,69552,0,62143,64278,73502,63813,78637,70610,63814,61375,64005,64136,70246,64023
2005,New England Patriots,1136903,550048,586855,68756,73528,64868,68756,71079,76571,0,68756,68756,73405,68756,78025,68756,71810,68756,77569,68756
2005,New Orleans Saints,970678,417270,553408,72920,68031,63952,58688,70580,65562,64586,61643,32637,0,68756,77152,34411,70083,32551,63747,65379
2005,New York Giants,1157637,628519,529118,78387,68031,65373,78453,0,62278,78516,78630,63820,78637,78626,67102,78645,67443,78625,90477,44594
2005,New York Jets,1202681,619958,582723,78014,77918,77422,70479,77852,72045,70995,0,77662,73529,76255,77152,68756,77561,72650,77569,76822
2005,Oakland Raiders,1013461,418450,595011,68756,62273,67735,62400,0,52666,42779,69149,79033,62779,90129,49097,66436,77561,41862,76212,44594
2005,Philadelphia Eagles,1109699,541393,568306,70806,67727,67735,78742,63199,0,67747,76530,90298,67739,78626,67665,67637,67443,65382,44723,67700
2005,Pittsburgh Steelers,1048739,507434,541305,62931,70742,64868,0,68537,63891,66104,64178,70607,63491,70601,57442,63044,61237,64136,73136,63794
2005,San Diego Chargers,1090332,529916,560416,67679,75310,65373,68756,68537,52666,67747,65750,77662,0,65602,84930,66436,65026,57389,75956,65513
2005,San Francisco 49ers,1113073,523426,589647,67918,67727,68247,103467,68084,0,90224,63358,63820,62153,63590,69149,60439,66690,64764,65473,67970
2005,Seattle Seahawks,1067926,532954,534972,65204,66030,64843,90215,65707,66196,67046,0,43542,67192,63590,67102,67637,66690,69149,67855,69928
2005,St. Louis Rams,1036861,523685,513176,67918,45160,65835,78453,65707,57307,64586,65251,0,67192,65750,70010,65701,64005,65382,65473,63131
2005,Tampa Bay Buccaneers,1044836,521741,523095,63939,64777,70518,64994,77852,65168,0,63358,65014,65421,70794,65506,34411,73467,68756,65482,65379
2005,Tennessee Titans,1059178,553192,505986,62931,69149,65835,69149,70430,69149,39482,69149,72594,0,69149,69149,57228,69149,69149,72001,65485
2005,Washington Redskins,1260275,716999,543276,90138,65207,0,90215,75880,78083,90224,78630,90298,65421,90129,84930,65701,46654,90588,90477,67700
2004,Arizona Cardinals,838557,300267,538290,65538,51557,70534,28109,62836,0,35695,65887,72612,42297,72796,35820,62262,35069,40070,65825,31650
2004,Atlanta Falcons,1133146,564769,568377,65584,70822,70534,73461,70434,70187,78260,75083,0,70810,78793,70521,65556,70616,70845,64900,66740
2004,Baltimore Ravens,1123288,558594,564694,73068,69859,65575,69827,90287,0,69809,67715,69781,77826,69924,68756,69695,69856,57240,64227,69843
2004,Buffalo Bills,1112531,574399,538132,72389,53610,0,72698,77976,72714,69809,65887,72574,68756,72393,66271,73084,72330,65378,63248,73414
2004,Carolina Panthers,1132109,586259,545850,73656,78136,0,73461,75072,67707,73096,66214,73518,63618,72796,73124,58878,73306,70845,65380,73302
2004,Chicago Bears,1037347,495706,541641,61535,70688,64163,61894,0,61945,65550,62054,78786,68932,61908,64026,62051,67572,62122,61924,62197
2004,Cincinnati Bengals,1099386,524248,575138,77230,65705,65575,62402,0,73263,65806,68932,65721,87786,65780,65677,69695,68756,65378,64606,67074
2004,Cleveland Browns,1141770,584840,556930,73068,63119,78521,73348,63609,73263,73394,0,69781,73703,72547,65677,73028,72330,72489,73169,70724
2004,Dallas Cowboys,1086004,510892,575112,64105,63119,90367,0,64018,64162,70679,63616,65721,64190,69924,64026,68093,64056,67723,63705,78500
2004,Denver Broncos,1140618,601031,539587,75939,69127,74533,65341,75072,62507,65806,75083,74292,0,64900,75936,65395,75027,77702,68809,75149
2004,Detroit Lions,1043481,499162,544319,61535,61465,62472,0,70434,62938,78841,63616,62657,66431,64156,63107,62262,70497,62337,61924,68809
2004,Green Bay Packers,1112569,564400,548169,73656,70688,57280,70623,70420,62938,70679,89295,0,70671,70769,70385,67723,70497,70437,64311,62197
2004,Houston Texans,1110049,565192,544857,70255,61465,77433,70741,70718,68932,0,70502,74292,56511,70769,70721,77875,70762,62122,66227,70724
2004,Indianapolis Colts,1016831,456791,560040,68756,68932,57280,73114,57230,0,56615,78312,57307,56511,61908,63107,57278,70762,57240,57330,75149
2004,Jacksonville Jaguars,1051556,555464,496092,72389,69127,68932,73114,52101,66413,56615,70502,0,66431,69703,64004,76877,67572,70437,66227,41112
2004,Kansas City Chiefs,1150728,623010,527718,75939,78136,77433,69827,0,66413,78260,78312,65495,64900,78431,77447,51292,68932,77702,77289,64920
2004,Miami Dolphins,1143869,580808,563061,69987,65705,72225,73157,68756,72714,72945,78216,72612,0,66644,66156,73084,75027,73629,73169,69843
2004,Minnesota Vikings,1045505,512969,532536,64105,67676,64163,0,70718,64900,64108,64012,57307,70671,64156,64004,62051,64110,62337,64311,76876
2004,New England Patriots,1108210,550048,558162,68756,51557,0,72698,68756,68756,68756,64737,66107,68756,78431,68756,73028,68756,73629,77975,68756
2004,New Orleans Saints,985096,513178,471918,64900,64900,65856,28109,64900,64900,45337,0,59662,64900,64900,70521,58878,64056,65075,64900,73302
2004,New York Giants,1160690,629874,530816,67532,78767,78521,70623,64018,0,78841,64012,78786,42297,78793,78830,87872,69856,78836,64606,78500
2004,New York Jets,1132803,623181,509622,77230,57310,0,73157,77976,78189,68756,78216,72574,77826,72547,35820,77875,63581,77894,77975,65877
2004,Oakland Raiders,957623,405936,551687,60147,53610,60874,70741,57230,62507,45337,66210,73518,0,46905,75936,51292,70616,44299,77289,41112
2004,Philadelphia Eagles,1102843,540870,561973,67532,67676,62472,61894,0,67707,73394,67715,64975,64190,67720,78830,67723,90089,67723,66129,67074
2004,Pittsburgh Steelers,1082241,507385,574856,60147,69859,72225,62402,63609,64162,0,64737,64975,73703,65780,63707,76877,63581,78836,64227,73414
2004,San Diego Chargers,1027704,485462,542242,70255,57310,74533,54006,52101,70187,73096,66210,59662,0,46905,77447,65395,65858,72489,57330,64920
2004,San Francisco 49ers,1024975,518271,506704,65584,64900,66709,66696,62836,78189,0,62054,64423,63618,65234,66156,65793,35069,65710,63248,68756
2004,Seattle Seahawks,1040347,533436,506911,64900,65089,66709,0,66940,68756,35695,66214,64423,66044,66644,66271,68093,64110,77894,65825,66740
2004,St. Louis Rams,1060941,527384,533557,65538,70822,65856,66696,66940,66040,72945,0,66107,66044,72393,70385,65793,73306,40070,66129,65877
2004,Tampa Bay Buccaneers,1046074,522720,523354,90098,65089,60874,65341,64900,66040,65550,0,65495,70810,65234,73124,65556,65858,65075,65380,31650
2004,Tennessee Titans,1051732,551210,500522,69987,68932,68932,54006,70420,68932,64108,68932,0,68932,69703,70721,57278,68932,44299,68809,68809
2004,Washington Redskins,1240229,702670,537559,90098,78767,90367,73348,90287,61945,0,89295,62657,87786,67720,63707,87872,90089,65710,63705,76876
2003,Arizona Cardinals,804401,288499,515902,60691,23127,58784,65758,63601,24193,0,40824,23531,59520,72908,42089,61550,66975,23217,64899,52734
2003,Atlanta Falcons,1106928,563676,543252,64104,70241,70871,72765,70427,66075,70837,0,70064,78813,68432,70891,70388,70079,57103,65572,70266
2003,Baltimore Ravens,1006929,556634,450295,63157,69473,52028,69459,0,24193,53553,69721,69486,66085,73333,69477,69549,69468,45398,72548,70001
2003,Buffalo Bills,1152118,584122,567996,73262,58613,73458,73305,72615,77740,73149,78689,0,63770,72677,73004,78481,72791,68809,73319,68436
2003,Carolina Panthers,1078988,582566,496422,72134,65621,0,72765,72496,57082,72851,68370,70052,73245,73263,63871,72977,70079,23217,72835,78130
2003,Chicago Bears,1031247,479585,551662,67554,64144,0,60257,61099,68390,65671,61428,61500,61492,61820,75540,61550,70458,61804,50127,78413
2003,Cincinnati Bengals,945592,479488,466104,63820,50135,64596,73428,72615,0,53553,52131,23531,50437,64923,52069,58797,69468,64666,66061,65362
2003,Cleveland Browns,1139440,585564,553876,73358,69473,67412,73428,64595,73318,73238,68436,0,78560,72908,73658,64680,73108,75358,72548,65362
2003,Dallas Cowboys,1071700,511224,560476,64104,78907,0,77863,63601,63648,61160,65602,64002,63770,68436,63871,64110,69773,70284,64118,68451
2003,Denver Broncos,1134086,607167,526919,63820,65445,76753,75719,78903,75974,64381,69721,76203,0,75217,75540,57201,76403,75358,57149,70299
2003,Detroit Lions,1045766,490442,555324,60691,70244,60865,75719,67365,0,61160,61428,61561,61492,65865,63946,62123,61544,77922,72835,61006
2003,Green Bay Packers,1067556,562819,504737,70505,70244,58784,60257,70365,70407,66201,0,64482,70291,65614,70250,62123,70458,64978,62298,70299
2003,Houston Texans,1061690,563748,497942,73010,68390,70487,70041,0,68809,70623,56132,70052,50437,72677,70719,70388,43363,65124,70758,70680
2003,Indianapolis Colts,993951,454138,539813,73358,56999,55770,70020,65647,57082,0,56132,73258,45037,56801,73004,57102,68809,57103,57149,70680
2003,Jacksonville Jaguars,980628,428072,552556,72134,58613,55770,70041,48954,66437,0,55918,69486,45037,68809,77614,60543,43363,68436,49207,70266
2003,Kansas City Chiefs,1163872,627840,536032,78048,78416,70487,69459,78903,70407,62391,78689,0,78560,64923,78889,57671,76403,77922,64291,78413
2003,Miami Dolphins,1158236,587787,570449,73010,77461,73458,0,78863,66437,73650,73014,73258,68809,73333,73578,64110,68436,73780,73319,73720
2003,Minnesota Vikings,1017297,513437,503860,70505,64144,60865,64111,70427,0,64381,64114,64482,64738,56653,63946,66134,63968,61804,64291,52734
2003,New England Patriots,1127515,547488,580027,73262,67624,68436,83632,68436,68436,73650,68436,76203,0,68436,70719,57102,68436,68436,77835,68436
2003,New Orleans Saints,1072640,548894,523746,52250,68390,68809,70020,72496,68390,70837,68370,65524,0,68432,67802,76821,68442,68399,49207,68451
2003,New York Giants,1190530,628960,561570,78666,78907,84856,0,78863,68436,78883,64114,78132,78813,67867,65648,78481,78217,68399,64118,78130
2003,New York Jets,1169808,622255,547553,85420,77461,68436,77863,0,77740,70623,67853,78132,51909,56801,77614,77710,72791,77900,77835,73720
2003,Oakland Raiders,975793,440063,535730,68809,50135,76753,54078,61099,73318,62391,0,61561,51909,56653,78889,57201,53079,45398,62298,62222
2003,Philadelphia Eagles,1124063,544349,579714,67772,67624,0,73305,67792,63648,78883,67853,70064,70291,67867,67802,72977,69773,73780,67866,76766
2003,Pittsburgh Steelers,1052513,477584,574929,63157,78416,64596,63244,64595,75974,0,62665,66507,59520,67877,73658,58797,53079,77900,52527,70001
2003,San Diego Chargers,997271,492165,505106,78048,65445,52028,54078,48954,0,73238,73014,61500,64738,75217,52069,57671,61544,64978,52527,62222
2003,San Francisco 49ers,1050337,540644,509693,67554,65990,67412,64111,67365,66437,67809,40824,67812,0,67877,70250,69549,66975,64666,67866,67840
2003,Seattle Seahawks,1005938,512150,493788,52250,23127,65841,0,70365,66437,65671,52131,66507,80728,65865,69477,64680,63968,66152,64899,67840
2003,St. Louis Rams,1041463,528456,513007,78666,65990,65841,65758,0,66075,66201,62665,67812,66085,61820,42089,66134,73108,66152,66061,61006
2003,Tampa Bay Buccaneers,1087333,524352,562981,67772,65621,70871,0,65647,85490,67809,65602,65524,73245,65614,65648,60543,68442,65124,65572,68809
2003,Tennessee Titans,1087279,550472,536807,68809,56999,68809,63244,68436,68809,72851,55918,0,68809,68809,70891,77710,68809,68809,70758,68809
2003,Washington Redskins,1194366,643997,550369,85420,70241,84856,83632,67792,85490,73149,0,64002,80728,73263,73578,76821,78217,70284,50127,76766
2002,Arizona Cardinals,898877,327272,571605,85140,63104,28980,30014,72286,0,59702,67173,47819,29252,64990,58814,77809,28640,65939,44051,75164
2002,Atlanta Falcons,1099147,550974,548173,63127,68081,68129,0,68936,78728,68056,67883,68532,62779,70382,72533,63947,65648,69551,69307,73528
2002,Baltimore Ravens,1073464,554724,518740,70386,69304,0,69538,73688,56174,69173,69638,68532,69024,73013,69365,44878,69334,70108,69348,61961
2002,Buffalo Bills,1119646,547702,571944,72751,64047,75359,72780,73038,70120,73180,72710,73448,0,77951,78745,73287,68436,61838,64106,47850
2002,Carolina Panthers,1092895,572015,520880,70386,71951,63945,63329,72286,61773,68056,72892,0,72566,65527,72533,72718,66799,58586,72602,66946
2002,Chicago Bears,1029316,487255,542061,63226,68081,63216,72780,63226,0,60421,64122,54049,63105,66250,62375,64196,73609,62226,72602,55832
2002,Cincinnati Bengals,934265,422235,512030,53705,73358,68129,57234,56570,63900,0,52822,69827,69024,64060,60473,44878,66799,42092,43544,47850
2002,Cleveland Browns,1110061,586294,523767,72938,73358,68804,62864,73688,65627,73248,78502,73718,0,64060,68295,72718,46267,73098,69348,73528
2002,Dallas Cowboys,1047411,504717,542694,69604,62527,65537,66165,63447,61773,59702,63854,61789,0,57057,62204,63606,64097,78698,63209,84142
2002,Denver Broncos,1161974,604904,557070,75710,67685,75359,69538,75065,75941,78446,68436,0,76643,65495,75075,66357,78521,75947,62592,75164
2002,Detroit Lions,994267,489742,504525,72216,71951,61505,60023,0,64013,60421,72710,61789,63313,61720,62375,62109,28640,61942,69307,60233
2002,Green Bay Packers,1046418,508788,537630,63127,67958,61505,63329,63226,68436,63363,0,63284,63313,64153,65672,64196,64070,67947,64106,78733
2002,Houston Texans,1061722,559322,502400,69604,56098,69204,64867,0,70120,73248,53721,69827,68804,69711,70054,56820,58551,70108,70291,70694
2002,Indianapolis Colts,1004762,453357,551405,56595,56650,69204,0,56570,56174,62800,80169,56752,65660,57057,75075,56820,68804,73098,56579,56755
2002,Jacksonville Jaguars,975226,450216,525010,56595,77934,0,55670,65005,68804,69173,53721,78337,66665,69711,62204,55260,46267,42092,51033,56755
2002,Kansas City Chiefs,1166177,625503,540674,72938,77934,68436,78178,78149,58995,78446,78685,0,67881,77951,56250,77809,78601,75947,77899,62078
2002,Miami Dolphins,1144504,585523,558981,72216,56650,73426,78178,73369,75941,73180,0,63284,78920,73013,73138,73287,73609,73572,64285,68436
2002,Minnesota Vikings,1045728,512517,533211,63226,64047,63945,65212,0,64013,78516,64122,65667,64005,64153,68436,63947,64070,67851,64285,60233
2002,New England Patriots,1096069,547488,548581,68436,78726,68436,66463,73369,68436,0,68436,73448,63105,62552,68436,62109,68436,68809,68436,68436
2002,New Orleans Saints,1068183,542796,525387,65554,67958,63216,60023,67734,80768,67903,67883,0,72566,70382,68295,68226,69334,67851,43544,66946
2002,New York Giants,1123668,629211,494457,78748,65932,78551,30014,63447,78728,0,65791,78337,64005,78727,70054,78640,78635,78698,56579,78782
2002,New York Jets,1145070,628812,516258,72751,78726,73426,55670,78149,0,78516,78502,59772,78920,61720,78745,62257,78521,62226,68436,78733
2002,Oakland Raiders,1042142,485092,557050,53260,62260,0,58719,73038,66070,60974,78685,62660,76643,62552,58814,62257,67968,73572,62592,62078
2002,Philadelphia Eagles,1066147,523535,542612,68804,84982,65537,64867,65005,0,65523,65791,54049,65660,64990,67919,65552,59862,65615,63209,78782
2002,Pittsburgh Steelers,1023448,490274,533174,68436,62260,0,62864,67734,63900,62800,69638,73718,62779,68804,60473,55260,58551,58586,65684,61961
2002,San Diego Chargers,992665,494973,497692,53705,56098,28980,66463,75065,58995,60974,0,59772,66093,67161,73138,66357,67968,61838,77899,52159
2002,San Francisco 49ers,1058751,541593,517158,78748,67685,67541,0,67853,66420,67903,67173,62660,67881,67161,67919,67594,64097,67947,44051,66118
2002,Seattle Seahawks,984773,504621,480152,53260,63104,78551,65212,0,66420,65931,63854,64325,29252,65495,56250,67594,59862,69551,63953,52159
2002,St. Louis Rams,1073461,528498,544963,75710,65932,65652,66165,67853,66070,65931,0,47819,66093,66250,79823,65552,78601,65939,63953,66118
2002,Tampa Bay Buccaneers,1044920,525031,519889,65554,69304,65652,57234,68936,65627,65523,72892,65667,0,65527,65672,68226,65648,61942,65684,55832
2002,Tennessee Titans,1050989,550437,500552,68804,62527,68804,58719,68804,68804,0,52822,56752,68804,68804,69365,78640,68804,68809,51033,70694
2002,Washington Redskins,1182596,643950,538646,85140,84982,67541,0,68804,80768,63363,80169,64325,66665,78727,79823,63606,78635,65615,70291,84142
2001,Arizona Cardinals,811391,307315,504076,0,50913,28878,66360,66944,35916,63114,33430,36917,32322,49398,46601,40056,77913,48883,72025,61721
2001,Atlanta Falcons,917882,425717,492165,65989,47804,28878,46483,46727,70020,0,44229,69010,59849,72234,59318,68826,55603,43320,73559,66033
2001,Baltimore Ravens,1064731,554991,509740,69365,51121,75082,69494,59866,72818,69439,62906,68798,69353,53530,69382,0,69506,68987,65619,69465
2001,Buffalo Bills,1005954,504736,501218,71447,56135,72874,72654,0,58893,63698,63786,60292,60836,73063,67252,44549,45527,43320,78200,73428
2001,Carolina Panthers,1085651,579080,506571,64108,47804,73120,66944,72049,74480,72642,72597,66069,72665,72234,70020,44549,0,72438,72025,71907
2001,Chicago Bears,1059454,535552,523902,69365,66944,0,46483,66944,63408,66944,66944,66944,65612,64214,66944,59869,66944,78884,76067,66944
2001,Cincinnati Bengals,988273,454938,533335,51521,51121,56048,62335,64217,63408,69343,0,57161,63865,72918,52135,44920,77745,68987,63751,68798
2001,Cleveland Browns,1089586,583094,506492,72318,73168,57875,73018,64217,72818,0,66944,73218,69353,72918,72818,60292,72818,59824,68798,59189
2001,Dallas Cowboys,1056213,505501,550712,61521,63430,66621,61535,63941,0,63114,78673,69010,63204,64104,85112,61821,63366,48883,64366,77512
2001,Denver Broncos,1115203,600283,514920,75735,50913,75082,75037,61837,67521,74750,62637,74951,74622,64104,73938,74524,77778,0,75582,56192
2001,Detroit Lions,1093748,601815,491933,59523,73168,0,77765,64048,76940,69343,67605,74268,32322,77730,66944,65514,72190,62809,76067,77512
2001,Green Bay Packers,1040215,478433,561782,59523,59771,73120,65510,59866,64165,0,59861,66944,59849,77730,66908,59869,68804,59824,59870,78601
2001,Indianapolis Colts,1006986,450746,556240,78606,56135,60292,0,56972,56022,74212,63786,57127,70020,56393,69382,73858,55603,56302,66084,56192
2001,Jacksonville Jaguars,987779,483542,504237,63785,65994,57875,54524,0,58893,69439,68798,57161,62644,53530,66908,44920,72818,64150,59396,66944
2001,Kansas City Chiefs,1120677,617488,503189,78844,77666,76573,75037,78413,35916,74212,58789,78234,0,77357,77087,60784,77778,76131,59396,58460
2001,Miami Dolphins,1119236,587756,531480,68798,73404,66046,72713,78823,0,59108,72597,57127,74259,73063,73938,73858,68223,60292,73559,73428
2001,Minnesota Vikings,1045690,513344,532346,64108,66944,64105,70020,64048,64165,65558,0,65638,64283,64214,62661,64271,72190,64150,59870,69465
2001,New England Patriots,977717,482336,495381,51521,60292,60292,72713,60292,56022,74750,44229,60292,60292,60292,78712,60292,45527,60292,0,71907
2001,New Orleans Saints,1111335,560472,550863,71447,0,78451,70020,72049,70020,66189,70020,68083,70020,60292,70020,68826,70332,65526,70020,70020
2001,New York Giants,1156600,627985,528615,75735,77666,78451,78651,65992,78821,80316,78673,36917,64283,78756,0,61821,77913,78119,65885,78601
2001,New York Jets,1158872,627808,531064,78606,60292,78722,72654,78823,78766,72642,70020,78234,74259,0,78712,62884,77745,56302,78200,62011
2001,Oakland Raiders,1035571,472091,563480,78844,73404,54629,61535,56972,0,65342,62637,67231,61960,78756,46601,60784,67349,61934,75582,62011
2001,Philadelphia Eagles,1061162,527193,533969,66243,62826,66621,66360,0,78821,65342,33430,65638,63204,65666,77087,65438,84936,68124,65885,65541
2001,Pittsburgh Steelers,1055127,499191,555936,63785,0,72874,62335,78413,65588,63763,62906,73218,62644,68801,62661,62884,69506,62809,63751,59189
2001,San Diego Chargers,1005530,474844,530686,60629,63430,56048,73018,60292,67521,63698,58789,74951,61960,49398,55466,65438,67349,76131,51412,0
2001,San Francisco 49ers,1061811,539756,522055,65989,67536,78722,66944,46727,0,66944,67605,68083,72665,56393,67252,66218,68223,68124,64366,70020
2001,Seattle Seahawks,1034365,482818,551547,72318,62826,54629,54524,61837,0,59108,82352,67231,60836,77357,55466,74524,63366,78119,51412,58460
2001,St. Louis Rams,1081519,528829,552690,66243,67536,66046,77765,65992,78766,66189,0,66069,60292,66198,59318,66218,70332,72438,66084,66033
2001,Tampa Bay Buccaneers,1038298,524468,513830,61521,0,64105,65510,68798,65588,65558,59861,74268,65612,66198,52135,65514,66944,65526,65619,65541
2001,Tennessee Titans,1089472,550393,539079,68798,65994,0,69494,68798,76940,63763,68798,68798,63865,68801,72818,64271,68804,61934,68798,68798
2001,Washington Redskins,1137730,624374,513356,60629,59771,76573,78651,63941,74480,80316,82352,0,74622,65666,85112,40056,84936,78884,70020,61721
2000,Arizona Cardinals,893926,387475,506451,77434,66009,0,71801,66985,44296,38293,62981,35286,52244,64223,65356,42094,50289,53472,37452,65711
2000,Atlanta Falcons,964579,422814,541765,54626,75466,73025,58761,65424,50947,66019,56508,46178,70097,74309,67447,55175,44680,0,64900,41017
2000,Baltimore Ravens,1062373,551695,510678,55049,68843,73464,68481,73018,65194,83252,69200,69405,54759,68490,69416,68361,0,68805,37452,69184
2000,Buffalo Bills,1098587,560695,537892,72492,77722,77884,0,72617,73901,72351,64116,72861,60292,72420,78457,65546,73002,56671,47230,61025
2000,Carolina Panthers,1095192,583489,511703,80257,66879,73025,0,73310,72192,50015,73169,46178,66048,72981,64208,73295,73358,77481,72159,60637
2000,Chicago Bears,1080684,535552,545132,64104,65569,66944,66944,59869,66944,66944,65553,0,66944,72420,66944,77354,66944,66944,68306,71957
2000,Cincinnati Bengals,967434,469992,497442,0,64006,45653,68481,61535,63406,54328,61603,73118,54759,62170,60292,63925,50289,68498,50469,64902
2000,Cleveland Browns,1057139,581544,475595,72418,64006,73018,45702,73018,44296,75811,57659,73118,72718,72618,68498,68361,51262,72318,72318,0
2000,Dallas Cowboys,1075470,504360,571110,62872,66009,84431,64127,73310,0,78189,62981,63554,65636,62170,69416,63878,65621,63467,61311,68498
2000,Denver Broncos,1140030,604042,535988,65956,75466,62078,74596,75684,56079,75811,61603,0,78305,75951,75218,68661,64900,75218,78406,76098
2000,Detroit Lions,1140926,607076,533850,64900,74159,76928,66944,76438,77549,0,65557,56971,77813,74309,77897,77923,64214,59854,77513,71957
2000,Green Bay Packers,1049602,478747,570855,59870,77722,59869,71801,59869,77549,59870,0,73740,59854,65621,59869,73295,66944,59854,64183,59692
2000,Indianapolis Colts,1008013,454319,553694,78357,56769,0,56816,72617,60292,63593,56828,56971,66944,56657,59869,56935,78138,56671,73884,56672
2000,Jacksonville Jaguars,991957,482510,509447,72418,68843,45653,56816,64351,65194,68498,69061,63554,0,68063,50925,65454,51262,53472,50469,77924
2000,Kansas City Chiefs,1115272,631365,483907,78357,68203,77604,74596,82893,0,79025,79142,62141,62428,68002,78457,47228,60292,77481,78406,41017
2000,Miami Dolphins,1118883,589909,528974,72949,64112,73464,73344,61535,73901,0,78389,73740,77813,56896,74320,56935,73002,74307,73884,60292
2000,Minnesota Vikings,1029262,513322,515940,64104,64112,60292,0,76438,64162,66944,64116,65589,59854,64223,64208,63878,64214,66273,64183,56672
2000,New England Patriots,1030594,482336,548258,60292,77687,60292,73344,75684,60292,60292,56828,0,60292,72618,60292,77923,60292,66944,47230,60292
2000,New Orleans Saints,980803,504315,476488,64900,51300,59513,64900,0,66944,50015,56508,35286,64900,72981,64900,66064,64900,67892,64900,64900
2000,New York Giants,1135455,624085,511370,77434,65530,66944,78216,68341,50947,78189,0,78087,72718,78174,77897,42094,83485,78164,61311,77924
2000,New York Jets,1145146,623711,521435,59870,77687,77884,65619,0,78441,60292,78389,72861,78305,56657,74320,77354,78138,62632,77513,69184
2000,Oakland Raiders,998655,462515,536140,56373,56769,62078,45702,0,68344,79025,57490,66659,62428,75951,64900,55175,55811,62632,68681,60637
2000,Philadelphia Eagles,1039856,523531,516325,62872,65530,59869,64900,65424,65491,38293,65553,78087,65636,56702,65356,83284,65639,72318,0,64902
2000,Pittsburgh Steelers,987037,440426,546611,55049,0,73018,51769,64351,78441,54328,57659,69405,68498,56702,50925,63925,55811,78164,58183,50809
2000,San Diego Chargers,981863,433459,548404,56373,51300,77604,47233,66010,56079,72351,0,66659,59884,56896,75218,47228,57255,68805,72159,50809
2000,San Francisco 49ers,1057954,541964,515990,54626,66879,65945,64127,66985,68344,59870,73169,68109,64900,68002,67447,0,57255,67892,68306,76098
2000,Seattle Seahawks,1029085,508367,520718,72949,64869,59513,47233,82893,72192,63593,57490,62141,59884,68063,0,68661,44680,75218,68681,61025
2000,St. Louis Rams,1081368,528402,552966,65956,64869,65945,58761,66010,0,66019,79142,68109,66048,78174,66087,66064,73358,66273,65653,64900
2000,Tampa Bay Buccaneers,1080729,524775,555954,60292,65569,76928,65619,83532,64162,0,65557,65589,70097,65621,66944,65546,65621,74307,65653,59692
2000,Tennessee Titans,1091274,547524,543750,72492,68203,0,51769,68341,63406,68498,69200,83472,68498,68490,68498,65454,65639,68498,72318,68498
2000,Washington Redskins,1174332,647424,526908,80257,74159,84431,78216,83532,65491,83252,69061,83472,52244,0,66087,83284,83485,63467,58183,65711
,Arizona Cardinals,1005649,465340,540309,64113,73618,72100,64169,49015,55893,0,55830,77857,49600,72015,77809,46550,75851,64337,47074,59818
1999,Atlanta Falcons,957594,460922,496672,69555,63663,63253,50712,57289,51973,58141,52594,68466,0,65158,55507,62568,67465,66196,47074,57980
1999,Baltimore Ravens,995971,547127,448844,62100,68965,68803,50712,65486,0,68771,68673,72898,57391,43279,68428,67854,46715,67597,68036,50263
1999,Buffalo Bills,1103911,561269,542642,56238,68839,70872,74073,71038,71113,66301,68673,78721,72810,79285,72111,0,72527,64337,55014,61959
1999,Carolina Panthers,983337,489515,493822,58166,64261,61269,76831,0,68151,64322,52594,62569,65965,72818,55507,62285,59869,62373,39428,56929
1999,Chicago Bears,1044226,526989,517237,58381,66944,50458,66944,64107,66944,65283,77621,59867,66944,56055,77905,66944,0,66944,65941,66944
1999,Cincinnati Bengals,916042,404679,511363,65272,47660,61269,45481,73048,59669,55996,49138,66303,46017,43279,50907,53463,59972,0,68036,70532
1999,Cleveland Browns,1063703,580934,482769,73138,65904,68803,72368,73048,62047,65866,48817,72898,58213,72818,72008,53147,59972,72038,72618,0
1999,Dallas Cowboys,1036670,513295,523375,79237,63663,0,64169,66669,78204,64377,56860,64111,64634,72015,64328,58444,64086,64271,47835,63767
1999,Denver Broncos,1109037,577309,531728,75623,78683,65297,74181,55704,73352,60011,75021,61204,66314,70012,0,73855,71357,65987,73158,69278
1999,Detroit Lions,1094310,579314,514996,66238,76202,78384,0,61481,76516,64322,63135,73224,49600,59869,77905,77693,65536,66944,73158,64103
1999,Green Bay Packers,1026536,478900,547636,59872,76202,59868,0,59868,73352,68274,59869,59867,64634,59869,68304,66944,59869,64203,65723,59818
1999,Indianapolis Colts,1000238,453269,546969,56238,59640,56942,0,56810,78112,55996,56860,56689,78081,65521,56689,74096,56975,57012,72618,61959
1999,Jacksonville Jaguars,1054581,530085,524496,68678,64261,61502,57308,78216,62047,0,49138,68466,57391,69772,68428,68806,71357,72038,66641,70532
1999,Kansas City Chiefs,1125231,629545,495686,58381,78683,78384,58099,78636,0,68771,78473,56689,64927,78714,48632,73855,78932,78697,66332,79026
1999,Miami Dolphins,1139646,592161,547485,75623,73618,0,74073,56810,60006,73975,61556,74109,72810,74295,64328,74096,78246,73765,74230,78106
1999,Minnesota Vikings,1083723,513051,570672,69555,64080,59868,64106,64107,76516,64109,75021,64111,66944,0,64232,65741,78932,64203,78095,64103
1999,New England Patriots,1015541,461624,553917,78227,59640,59169,72368,78636,60006,60011,55830,0,59077,74295,72111,58444,56975,65475,55014,50263
1999,New Orleans Saints,945488,410147,535341,58166,67685,0,66944,57289,51875,77982,48817,47129,52198,69772,65864,62568,46838,67597,47835,56929
1999,New York Giants,1135506,614815,520691,65026,73170,59169,73274,49015,78204,77982,66481,0,78081,78641,77809,78200,72527,66065,78095,63767
1999,New York Jets,1149071,626258,522813,78227,68839,78161,74181,78216,78112,47326,0,77857,59077,79285,56689,78200,78246,64271,74230,78154
1999,Oakland Raiders,938846,398140,540706,59872,64080,50458,66400,55704,71113,47326,61556,0,43353,70012,48632,44716,66357,46395,63846,79026
1999,Philadelphia Eagles,1052846,519835,533011,64113,64285,70872,73274,66669,66944,73975,66481,62569,66591,65521,74741,46550,64086,65475,0,60700
1999,Pittsburgh Steelers,972207,416618,555589,73138,68965,57881,57308,71038,59669,58141,0,68657,58213,66619,50907,68806,46715,78697,39428,48025
1999,San Diego Chargers,981559,476999,504560,0,47660,56942,58099,61481,59432,68274,78473,61204,43353,56055,64232,53147,66318,73765,63846,69278
1999,San Francisco 49ers,1041004,544231,496773,68678,67685,72100,67447,65872,68151,64109,0,68657,52198,68193,68304,53463,67465,62373,68329,57980
1999,Seattle Seahawks,1042217,530520,511697,66238,66944,57881,66400,0,59432,66301,59869,66303,66314,78714,66314,44716,66318,65987,66332,78154
1999,St. Louis Rams,996035,520926,475109,62100,0,63253,45481,65872,51973,65866,66415,73224,65965,68193,65864,62285,46838,66065,65941,60700
1999,Tampa Bay Buccaneers,1000867,522691,478176,65026,64285,65297,64106,59868,0,65283,63135,47129,64927,65158,66314,65741,65536,46395,65723,66944
1999,Tennessee Titans,1017727,528890,488837,65272,65904,61502,67447,65486,51875,0,66415,74109,46017,66619,72008,67854,66357,66196,66641,48025
1999,Washington Redskins,1160975,619749,541226,79237,73170,78161,76831,0,55893,64377,77621,78721,66591,78641,74741,77693,75851,57012,68329,78106
1998,Arizona Cardinals,931131,419252,511879,63602,57678,36717,55832,52178,47860,70456,0,66087,43159,69923,66435,69613,46128,62176,51617,71670
1998,Atlanta Falcons,964230,457477,506753,65129,46456,0,62296,50724,71173,60774,71573,37996,59790,69828,60804,47971,61141,61678,67143,69754
1998,Baltimore Ravens,984079,549531,434548,68847,70063,67069,68154,0,68561,58620,59860,68915,69037,54388,52571,68898,31124,69074,40853,68045
1998,Buffalo Bills,1042465,560570,481895,64037,73097,65199,0,76615,52938,77635,64050,79011,75403,72020,49032,58304,54359,62002,79056,39707
1998,Carolina Panthers,969013,489622,479391,65129,51915,0,69723,50724,64181,63600,64050,62514,68572,67887,50716,71501,63332,46940,50047,58182
1998,Chicago Bears,888984,429607,459377,55614,59084,64328,57783,55562,47860,59201,40089,0,50263,63152,60804,51938,64247,59813,40853,58393
1998,Cincinnati Bengals,890688,444335,446353,55848,66354,56346,68154,0,59979,33288,40089,59974,67040,64232,52571,55432,54359,55179,52017,49826
1998,Dallas Cowboys,1074662,510438,564224,63602,75013,78039,63544,72284,64181,59201,0,67002,64316,69923,64142,64366,65065,77697,62722,63565
1998,Denver Broncos,1143483,597462,546021,74745,75013,56578,71880,73218,66258,0,75217,59974,74925,78100,75325,66532,74962,72336,74363,74057
1998,Detroit Lions,1088584,571416,517168,60102,66354,63107,74724,55562,0,77932,77885,66087,66785,63152,64265,78139,70717,68585,67143,68045
1998,Green Bay Packers,1008433,479292,529141,60102,60124,56346,69723,59849,0,77932,59860,59794,60507,76272,64471,59862,65497,59813,59888,58393
1998,Indianapolis Colts,951979,445930,506049,65587,60068,66321,48480,51988,52938,68486,0,58056,73400,55520,49032,68898,61141,55179,58703,58182
1998,Jacksonville Jaguars,1052428,561472,490956,55614,69821,67069,34656,0,74051,77635,75217,68915,67040,72974,59124,55432,70717,65657,64363,74143
1998,Kansas City Chiefs,1105109,589038,516071,78945,69821,73730,66675,66418,59749,0,79431,65104,66251,78100,59894,69613,74962,77697,66040,52679
1998,Miami Dolphins,1133314,581784,551530,65587,73097,73948,0,75257,74051,65418,73973,79011,73400,67887,58729,73216,61254,74369,74363,69754
1998,Minnesota Vikings,1002032,510741,491291,62538,56234,63107,57783,59849,0,64004,77885,64979,63779,64232,64471,64366,64247,69074,64363,41121
1998,New England Patriots,992674,475828,516846,74745,60068,59973,0,56172,59749,60062,73973,58056,59790,72020,58729,58304,58632,48946,59153,74302
1998,New Orleans Saints,922225,436473,485752,56943,51915,0,48480,56172,62811,60774,52695,62514,63779,46430,68429,73216,65065,61678,51617,39707
1998,New York Giants,1051142,576708,474434,76629,40545,78039,55672,64989,71173,70456,0,67976,64316,76272,65763,68212,46128,72336,66040,66596
1998,New York Jets,1068172,576620,491552,64419,70063,66321,0,75257,55938,60062,71573,65104,75403,55520,37084,71501,72200,74369,79056,74302
1998,Oakland Raiders,914541,386548,527993,78945,40545,56578,63544,52178,42467,0,40089,66246,69037,51527,75325,41409,61254,62002,60716,52679
1998,Philadelphia Eagles,997399,527990,469409,66418,46456,36717,66675,73218,66183,56967,0,67002,66785,67704,65763,59862,66155,62176,62722,66596
1998,Pittsburgh Steelers,1005545,464619,540926,68847,59084,73948,58413,0,59979,58620,79431,58222,60507,41104,59124,78139,58632,65335,52017,74143
1998,San Diego Chargers,960990,476718,484272,64037,41089,73730,55672,51988,42467,56967,58512,0,74925,54388,59894,66532,65713,62690,60716,71670
1998,San Francisco 49ers,1064279,537385,526894,64419,76798,0,62296,76615,62811,68486,58563,59794,68572,69828,68429,68212,63332,68585,59153,68386
1998,Seattle Seahawks,1011897,500210,511687,66418,57678,63336,58413,66418,66258,0,58512,66246,66251,51527,64142,59048,72200,62690,58703,74057
1998,St. Louis Rams,881037,431143,449894,56943,56234,65199,55832,0,55938,65418,58563,37996,50263,46430,50716,47971,66155,48946,50047,68386
1998,Tampa Bay Buccaneers,1009175,518047,491128,62538,60124,64328,74724,64989,0,63600,52695,64979,65054,72974,64265,51938,65497,65335,66309,49826
1998,Tennessee Oilers,791806,299555,492251,55848,41089,59973,34656,0,68561,33288,40089,58222,65054,41104,37084,59048,31124,65657,59888,41121
1998,Washington Redskins,1020324,555099,465225,76629,76798,63336,71880,72284,66183,64004,0,67976,43159,67704,66435,41409,65713,46940,66309,63565